,Name,Type,Cat.,Power,Acc.,PP,TM,Effect,Prob. (%)
0,"10,000,000 Volt Thunderbolt",Electric,,195,—,1,,Pikachu-exclusive Z-Move. High critical hit ratio.,—
1,Absorb,Grass,,20,100,25,,User recovers half the HP inflicted on opponent.,—
2,Accelerock,Rock,,40,100,20,,User attacks first.,—
3,Acid,Poison,,40,100,30,,May lower opponent's Special Defense.,10
4,Acid Armor,Poison,,—,—,20,,Sharply raises user's Defense.,—
5,Acid Downpour,Poison,—,—,—,1,,Poison type Z-Move.,—
6,Acid Spray,Poison,,40,100,20,,Sharply lowers opponent's Special Defense.,100
7,Acrobatics,Flying,,55,100,15,TM78,Stronger when the user does not have a held item.,—
8,Acupressure,Normal,,—,—,30,,Sharply raises a random stat.,—
9,Aerial Ace,Flying,,60,∞,20,,Ignores Accuracy and Evasiveness.,—
10,Aeroblast,Flying,,100,95,5,,High critical hit ratio.,—
11,After You,Normal,,—,—,15,,Gives target priority in the next turn.,—
12,Agility,Psychic,,—,—,30,,Sharply raises user's Speed.,—
13,Air Cutter,Flying,,60,95,25,,High critical hit ratio.,—
14,Air Slash,Flying,,75,95,15,TM95,May cause flinching.,30
15,All-Out Pummeling,Fighting,—,—,—,1,,Fighting type Z-Move.,—
16,Ally Switch,Psychic,,—,—,15,,User switches with opposite teammate.,—
17,Amnesia,Psychic,,—,—,20,,Sharply raises user's Special Defense.,—
18,Anchor Shot,Steel,,80,100,20,,The user entangles the target with its anchor chain while attacking. The target becomes unable to flee.,—
19,Ancient Power,Rock,,60,100,5,,May raise all user's stats at once.,10
20,Apple Acid,Grass,,80,100,10,,Lowers target's Special Defense.,100
21,Aqua Jet,Water,,40,100,20,,User attacks first.,—
22,Aqua Ring,Water,,—,—,20,,Restores a little HP each turn.,—
23,Aqua Tail,Water,,90,90,10,,,—
24,Arm Thrust,Fighting,,15,100,20,,Hits 2-5 times in one turn.,—
25,Aromatherapy,Grass,,—,—,5,,Cures all status problems in your party.,—
26,Aromatic Mist,Fairy,,—,—,20,,Raises Special Defense of an ally.,—
27,Assist,Normal,,—,—,20,,User performs a move known by its allies at random.,—
28,Assurance,Dark,,60,100,10,TM58,Power doubles if opponent already took damage in the same turn.,—
29,Astonish,Ghost,,30,100,15,,May cause flinching.,30
30,Attack Order,Bug,,90,100,15,,High critical hit ratio.,—
31,Attract,Normal,,—,100,15,TM31,"If opponent is the opposite gender, it's less likely to attack.",—
32,Aura Sphere,Fighting,,80,∞,20,,Ignores Accuracy and Evasiveness.,—
33,Aura Wheel,Electric,,110,100,10,,Changes type based on Morpeko's Mode.,100
34,Aurora Beam,Ice,,65,100,20,,May lower opponent's Attack.,10
35,Aurora Veil,Ice,,—,—,20,,Halves damage from Physical and Special attacks for five turns.,—
36,Autotomize,Steel,,—,—,15,,Reduces weight and sharply raises Speed.,—
37,Avalanche,Ice,,60,100,10,TM64,Power doubles if user took damage first.,—
38,Baby-Doll Eyes,Fairy,,—,100,30,,Always goes first. Lowers the target's attack.,—
39,Baddy Bad,Dark,,90,100,15,,Reduces damage from Physical attacks.,—
40,Baneful Bunker,Poison,,—,—,10,,Protects the user and poisons opponent on contact.,—
41,Barrage,Normal,,15,85,20,,Hits 2-5 times in one turn.,—
42,Barrier,Psychic,,—,—,20,,Sharply raises user's Defense.,—
43,Baton Pass,Normal,,—,—,40,,User switches out and gives stat changes to the incoming Pokémon.,—
44,Beak Blast,Flying,,100,100,15,,"The user first heats up its beak, and then it attacks the target. Making direct contact with the Pokémon while it's heating up its beak results in a burn.",—
45,Beat Up,Dark,,—,100,10,TM37,Each Pokémon in your party attacks.,—
46,Behemoth Bash,Steel,,100,100,5,,Damage doubles if user is Dynamaxed.,—
47,Behemoth Blade,Steel,,100,100,5,,Damage doubles if user is Dynamaxed.,—
48,Belch,Poison,,120,90,10,,User must have consumed a Berry.,—
49,Belly Drum,Normal,,—,—,10,,"User loses 50% of its max HP, but Attack raises to maximum.",—
50,Bestow,Normal,,—,—,15,,Gives the user's held item to the target.,—
51,Bide,Normal,,—,—,10,,User takes damage for two turns then strikes back double.,—
52,Bind,Normal,,15,85,20,,"Traps opponent, damaging them for 4-5 turns.",100
53,Bite,Dark,,60,100,25,,May cause flinching.,30
54,Black Hole Eclipse,Dark,—,—,—,1,,Dark type Z-Move.,—
55,Blast Burn,Fire,,150,90,5,,User must recharge next turn.,—
56,Blaze Kick,Fire,,85,90,10,,High critical hit ratio. May burn opponent.,10
57,Blizzard,Ice,,110,70,5,,May freeze opponent.,10
58,Block,Normal,,—,—,5,,Opponent cannot flee or switch.,—
59,Bloom Doom,Grass,—,—,—,1,,Grass type Z-Move.,—
60,Blue Flare,Fire,,130,85,5,,May burn opponent.,20
61,Body Press,Fighting,,80,100,10,,"The higher the user's Defense, the stronger the attack.",—
62,Body Slam,Normal,,85,100,15,,May paralyze opponent.,30
63,Bolt Beak,Electric,,85,100,10,,"If the user attacks before the target, the power of this move is doubled.",—
64,Bolt Strike,Electric,,130,85,5,,May paralyze opponent.,20
65,Bone Club,Ground,,65,85,20,,May cause flinching.,10
66,Bone Rush,Ground,,25,90,10,,Hits 2-5 times in one turn.,—
67,Bonemerang,Ground,,50,90,10,,Hits twice in one turn.,—
68,Boomburst,Normal,,140,100,10,,Hits all adjacent Pokémon.,—
69,Bounce,Flying,,85,85,5,TM52,"Springs up on first turn, attacks on second. May paralyze opponent.",30
70,Bouncy Bubble,Water,,90,100,15,,User recovers half the HP inflicted on opponent.,—
71,Branch Poke,Grass,,40,100,40,,,—
72,Brave Bird,Flying,,120,100,15,,User receives recoil damage.,—
73,Breaking Swipe,Dragon,,60,100,15,TM99,Hits multiple opponents and lowers their attack.,100
74,Breakneck Blitz,Normal,—,—,—,1,,Normal type Z-Move.,—
75,Brick Break,Fighting,,75,100,15,TM43,Breaks through Reflect and Light Screen barriers.,—
76,Brine,Water,,65,100,10,TM55,Power doubles if opponent's HP is less than 50%.,—
77,Brutal Swing,Dark,,60,100,20,TM97,The user swings its body around violently to inflict damage on everything in its vicinity.,—
78,Bubble,Water,,40,100,30,,May lower opponent's Speed.,10
79,Bubble Beam,Water,,65,100,20,,May lower opponent's Speed.,10
80,Bug Bite,Bug,,60,100,20,,Receives the effect from the opponent's held berry.,—
81,Bug Buzz,Bug,,90,100,10,,May lower opponent's Special Defense.,10
82,Bulk Up,Fighting,,—,—,20,,Raises user's Attack and Defense.,—
83,Bulldoze,Ground,,60,100,20,TM81,Lowers opponent's Speed.,100
84,Bullet Punch,Steel,,40,100,30,,User attacks first.,—
85,Bullet Seed,Grass,,25,100,30,TM50,Hits 2-5 times in one turn.,—
86,Burn Up,Fire,,130,100,5,,"To inflict massive damage, the user burns itself out. After using this move, the user will no longer be Fire type.",—
87,Burning Jealousy,Fire,—,—,—,—,,"Hits all opponents, and burns any that have had their stats boosted.",—
88,Buzzy Buzz,Electric,,90,100,15,,Paralyzes the opponent.,100
89,Calm Mind,Psychic,,—,—,20,,Raises user's Special Attack and Special Defense.,—
90,Camouflage,Normal,,—,—,20,,Changes user's type according to the location.,—
91,Captivate,Normal,,—,100,20,,Sharply lowers opponent's Special Attack if opposite gender.,—
92,Catastropika,Electric,,210,—,1,,Pikachu-exclusive Z-Move.,—
93,Celebrate,Normal,,—,—,40,,The Pokémon congratulates you on your special day. No battle effect.,—
94,Charge,Electric,,—,—,20,,Raises user's Special Defense and next Electric move's power increases.,—
95,Charge Beam,Electric,,50,90,10,,May raise user's Special Attack.,70
96,Charm,Fairy,,—,100,20,TM29,Sharply lowers opponent's Attack.,—
97,Chatter,Flying,,65,100,20,,Confuses opponent.,100
98,Chip Away,Normal,,70,100,20,,Ignores opponent's stat changes.,—
99,Circle Throw,Fighting,,60,90,10,,"In battles, the opponent switches. In the wild, the Pokémon runs.",—
100,Clamp,Water,,35,85,15,,"Traps opponent, damaging them for 4-5 turns.",100
101,Clanging Scales,Dragon,,110,100,5,,Lowers user's Defense.,100
102,Clangorous Soul,Dragon,,—,100,5,,Raises all user's stats but loses HP.,100
103,Clangorous Soulblaze,Dragon,,185,—,1,,Kommo-o exclusive Z-Move.,—
104,Clear Smog,Poison,,50,—,15,,Removes all of the target's stat changes.,—
105,Close Combat,Fighting,,120,100,5,,Lowers user's Defense and Special Defense.,100
106,Coaching,Fighting,,—,—,10,,Boosts Attack and Defense of a teammate.,—
107,Coil,Poison,,—,—,20,,"Raises user's Attack, Defense and Accuracy.",—
108,Comet Punch,Normal,,18,85,15,,Hits 2-5 times in one turn.,—
109,Confide,Normal,,—,—,20,,Lowers opponent's Special Attack.,100
110,Confuse Ray,Ghost,,—,100,10,,Confuses opponent.,—
111,Confusion,Psychic,,50,100,25,,May confuse opponent.,10
112,Constrict,Normal,,10,100,35,,May lower opponent's Speed by one stage.,10
113,Continental Crush,Rock,—,—,—,1,,Rock type Z-Move.,—
114,Conversion,Normal,,—,—,30,,Changes user's type to that of its first move.,—
115,Conversion 2,Normal,,—,—,30,,User changes type to become resistant to opponent's last move.,—
116,Copycat,Normal,,—,—,20,,Copies opponent's last move.,—
117,Core Enforcer,Dragon,,100,100,10,,Scorches a 'Z' pattern on the ground.,—
118,Corkscrew Crash,Steel,—,—,—,1,,Steel type Z-Move.,—
119,Corrosive Gas,Poison,,—,100,40,,Removes opponent's items.,—
120,Cosmic Power,Psychic,,—,—,20,,Raises user's Defense and Special Defense.,—
121,Cotton Guard,Grass,,—,—,10,,Drastically raises user's Defense.,—
122,Cotton Spore,Grass,,—,100,40,,Sharply lowers opponent's Speed.,—
123,Counter,Fighting,,—,100,20,,"When hit by a Physical Attack, user strikes back with 2x power.",—
124,Court Change,Normal,,—,100,10,,Swaps the effects on either side of the field.,—
125,Covet,Normal,,60,100,25,,Opponent's item is stolen by the user.,—
126,Crabhammer,Water,,100,90,10,,High critical hit ratio.,—
127,Crafty Shield,Fairy,,—,—,10,,Protects the Pokémon from status moves.,—
128,Cross Chop,Fighting,,100,80,5,,High critical hit ratio.,—
129,Cross Poison,Poison,,70,100,20,TM73,High critical hit ratio. May poison opponent.,10
130,Crunch,Dark,,80,100,15,,May lower opponent's Defense.,20
131,Crush Claw,Normal,,75,95,10,,May lower opponent's Defense.,50
132,Crush Grip,Normal,,—,100,5,,More powerful when opponent has higher HP.,—
133,Curse,Ghost,,—,—,10,,"Ghosts lose 50% of max HP and curse the opponent; Non-Ghosts raise Attack, Defense and lower Speed.",—
134,Cut,Normal,,50,95,30,,,—
135,Dark Pulse,Dark,,80,100,15,,May cause flinching.,20
136,Dark Void,Dark,,—,50,10,,Puts all adjacent opponents to sleep.,—
137,Darkest Lariat,Dark,,85,100,10,,Ignores opponent's stat changes.,—
138,Dazzling Gleam,Fairy,,80,100,10,,Hits all adjacent opponents.,—
139,Decorate,Fairy,,—,—,15,,Sharply raises target's Attack and Special Attack.,100
140,Defend Order,Bug,,—,—,10,,Raises user's Defense and Special Defense.,—
141,Defense Curl,Normal,,—,—,40,,Raises user's Defense.,—
142,Defog,Flying,,—,—,15,,Lowers opponent's Evasiveness and clears fog.,—
143,Destiny Bond,Ghost,,—,—,5,,"If the user faints, the opponent also faints.",—
144,Detect,Fighting,,—,—,5,,"Protects the user, but may fail if used consecutively.",—
145,Devastating Drake,Dragon,—,—,—,1,,Dragon type Z-Move.,—
146,Diamond Storm,Rock,,100,95,5,,May sharply raise user's Defense.,50
147,Dig,Ground,,80,100,10,TM15,"Digs underground on first turn, attacks on second. Can also escape from caves.",—
148,Disable,Normal,,—,100,20,,Opponent can't use its last attack for a few turns.,—
149,Disarming Voice,Fairy,,40,∞,15,,Ignores Accuracy and Evasiveness.,—
150,Discharge,Electric,,80,100,15,,May paralyze opponent.,30
151,Dive,Water,,80,100,10,TM45,"Dives underwater on first turn, attacks on second turn.",—
152,Dizzy Punch,Normal,,70,100,10,,May confuse opponent.,20
153,Doom Desire,Steel,,140,100,5,,Damage occurs 2 turns later.,—
154,Double Hit,Normal,,35,90,10,,Hits twice in one turn.,—
155,Double Iron Bash,Steel,,60,100,5,,Hits twice in one turn; may cause flinching.,30
156,Double Kick,Fighting,,30,100,30,,Hits twice in one turn.,—
157,Double Slap,Normal,,15,85,10,,Hits 2-5 times in one turn.,—
158,Double Team,Normal,,—,—,15,,Raises user's Evasiveness.,—
159,Double-Edge,Normal,,120,100,15,,User receives recoil damage.,—
160,Draco Meteor,Dragon,,130,90,5,,Sharply lowers user's Special Attack.,100
161,Dragon Ascent,Flying,,120,100,5,,Lowers user's Defense and Special Defense.,100
162,Dragon Breath,Dragon,,60,100,20,,May paralyze opponent.,30
163,Dragon Claw,Dragon,,80,100,15,,,—
164,Dragon Dance,Dragon,,—,—,20,,Raises user's Attack and Speed.,—
165,Dragon Darts,Dragon,,50,100,10,,User attacks twice.,—
166,Dragon Hammer,Dragon,,90,100,15,,The user uses its body like a hammer to attack the target and inflict damage.,—
167,Dragon Pulse,Dragon,,85,100,10,,,—
168,Dragon Rage,Dragon,,—,100,10,,Always inflicts 40 HP.,—
169,Dragon Rush,Dragon,,100,75,10,,May cause flinching.,20
170,Dragon Tail,Dragon,,60,90,10,,"In battles, the opponent switches. In the wild, the Pokémon runs.",—
171,Drain Punch,Fighting,,75,100,10,TM63,User recovers half the HP inflicted on opponent.,—
172,Draining Kiss,Fairy,,50,100,10,TM87,User recovers most the HP inflicted on opponent.,—
173,Dream Eater,Psychic,,100,100,15,,User recovers half the HP inflicted on a sleeping opponent.,—
174,Drill Peck,Flying,,80,100,20,,,—
175,Drill Run,Ground,,80,95,10,,High critical hit ratio.,—
176,Drum Beating,Grass,,80,100,10,,Lowers opponent's Speed.,100
177,Dual Chop,Dragon,,40,90,15,,Hits twice in one turn.,—
178,Dual Wingbeat,Flying,,40,90,10,,The user slams the target with its wings. The target is hit twice in a row.,—
179,Dynamax Cannon,Dragon,,100,100,5,,Damage doubles if opponent is Dynamaxed.,—
180,Dynamic Punch,Fighting,,100,50,5,,Confuses opponent.,100
181,Earth Power,Ground,,90,100,10,,May lower opponent's Special Defense.,10
182,Earthquake,Ground,,100,100,10,,Power is doubled if opponent is underground from using Dig.,—
183,Echoed Voice,Normal,,40,100,15,,Power increases each turn.,—
184,Eerie Impulse,Electric,,—,100,15,TM93,Sharply lowers opponent's Special Attack.,—
185,Egg Bomb,Normal,,100,75,10,,,—
186,Electric Terrain,Electric,,—,—,10,TM90,Prevents all Pokémon from falling asleep for 5 turns.,—
187,Electrify,Electric,,—,—,20,,Changes the target's move to Electric type.,—
188,Electro Ball,Electric,,—,100,10,,"The faster the user, the stronger the attack.",—
189,Electroweb,Electric,,55,95,15,TM82,Lowers opponent's Speed.,100
190,Embargo,Dark,,—,100,15,,Opponent cannot use items.,—
191,Ember,Fire,,40,100,25,,May burn opponent.,10
192,Encore,Normal,,—,100,5,,Forces opponent to keep using its last move for 3 turns.,—
193,Endeavor,Normal,,—,100,5,,Reduces opponent's HP to same as user's.,—
194,Endure,Normal,,—,—,10,,"Always left with at least 1 HP, but may fail if used consecutively.",—
195,Energy Ball,Grass,,90,100,10,,May lower opponent's Special Defense.,10
196,Entrainment,Normal,,—,100,15,,Makes target's ability same as user's.,—
197,Eruption,Fire,,150,100,5,,Stronger when the user's HP is higher.,—
198,Eternabeam,Dragon,,160,90,5,,User can't move on the next turn.,—
199,Expanding Force,Psychic,,80,100,10,,Increases power and hits all opponents on Psychic Terrain.,—
200,Explosion,Normal,,250,100,5,,User faints.,—
201,Extrasensory,Psychic,,80,100,20,,May cause flinching.,10
202,Extreme Evoboost,Normal,,—,—,1,,Eevee-exclusive Z-Move. Sharply raises all stats.,100
203,Extreme Speed,Normal,,80,100,5,,User attacks first.,—
204,Facade,Normal,,70,100,20,TM39,"Power doubles if user is burned, poisoned, or paralyzed.",—
205,Fairy Lock,Fairy,,—,—,10,,Prevents fleeing in the next turn.,—
206,Fairy Wind,Fairy,,40,100,30,,,—
207,Fake Out,Normal,,40,100,10,,"User attacks first, foe flinches. Only usable on first turn.",100
208,Fake Tears,Dark,,—,100,20,TM47,Sharply lowers opponent's Special Defense.,—
209,False Surrender,Dark,,80,∞,10,,Ignores Accuracy and Evasiveness.,—
210,False Swipe,Normal,,40,100,40,TM94,Always leaves opponent with at least 1 HP.,—
211,Feather Dance,Flying,,—,100,15,,Sharply lowers opponent's Attack.,—
212,Feint,Normal,,30,100,10,,Only hits if opponent uses Protect or Detect in the same turn.,—
213,Feint Attack,Dark,,60,∞,20,,Ignores Accuracy and Evasiveness.,—
214,Fell Stinger,Bug,,50,100,25,,Drastically raises user's Attack if target is KO'd.,—
215,Fiery Dance,Fire,,80,100,10,,May raise user's Special Attack.,50
216,Final Gambit,Fighting,,—,100,5,,Inflicts damage equal to the user's remaining HP. User faints.,—
217,Fire Blast,Fire,,110,85,5,,May burn opponent.,10
218,Fire Fang,Fire,,65,95,15,TM68,May cause flinching and/or burn opponent.,10
219,Fire Lash,Fire,,80,100,15,,The user strikes the target with a burning lash. This also lowers the target's Defense stat.,100
220,Fire Pledge,Fire,,80,100,10,,Added effects appear if combined with Grass Pledge or Water Pledge.,—
221,Fire Punch,Fire,,75,100,15,TM03,May burn opponent.,10
222,Fire Spin,Fire,,35,85,15,TM13,"Traps opponent, damaging them for 4-5 turns.",100
223,First Impression,Bug,,90,100,10,,"Although this move has great power, it only works the first turn the user is in battle.",—
224,Fishious Rend,Water,,85,100,10,,"If the user attacks before the target, the power of this move is doubled.",—
225,Fissure,Ground,,—,30,5,,"One-Hit-KO, if it hits.",—
226,Flail,Normal,,—,100,15,,"The lower the user's HP, the higher the power.",—
227,Flame Burst,Fire,,70,100,15,,May also injure nearby Pokémon.,—
228,Flame Charge,Fire,,50,100,20,,Raises user's Speed.,100
229,Flame Wheel,Fire,,60,100,25,,May burn opponent.,10
230,Flamethrower,Fire,,90,100,15,,May burn opponent.,10
231,Flare Blitz,Fire,,120,100,15,,User receives recoil damage. May burn opponent.,10
232,Flash,Normal,,—,100,20,,Lowers opponent's Accuracy.,—
233,Flash Cannon,Steel,,80,100,10,,May lower opponent's Special Defense.,10
234,Flatter,Dark,,—,100,15,,"Confuses opponent, but raises its Special Attack by two stages.",—
235,Fleur Cannon,Fairy,,130,90,5,,Sharply lowers user's Special Attack.,100
236,Fling,Dark,,—,100,10,TM59,Power depends on held item.,—
237,Flip Turn,Water,,60,100,20,,"After making its attack, the user rushes back to switch places with a party Pokémon in waiting.",—
238,Floaty Fall,Flying,,90,95,15,,May cause flinching.,30
239,Floral Healing,Fairy,,—,—,10,,The user restores the target's HP by up to half of its max HP. It restores more HP when the terrain is grass.,—
240,Flower Shield,Fairy,,—,—,10,,Sharply raises Defense of all Grass-type Pokémon on the field.,100
241,Fly,Flying,,90,95,15,TM06,"Flies up on first turn, attacks on second turn.",—
242,Flying Press,Fighting,,100,95,10,,Deals Fighting and Flying type damage.,—
243,Focus Blast,Fighting,,120,70,5,,May lower opponent's Special Defense.,10
244,Focus Energy,Normal,,—,—,30,,Increases critical hit ratio.,—
245,Focus Punch,Fighting,,150,100,20,,"If the user is hit before attacking, it flinches instead.",—
246,Follow Me,Normal,,—,—,20,,"In Double Battle, the user takes all the attacks.",—
247,Force Palm,Fighting,,60,100,10,,May paralyze opponent.,30
248,Foresight,Normal,,—,—,40,,"Resets opponent's Evasiveness, Normal-type and Fighting-type attacks can now hit Ghosts, and Ghost-type attacks hit Normal.",—
249,Forest's Curse,Grass,,—,100,20,,Adds Grass type to opponent.,—
250,Foul Play,Dark,,95,100,15,,Uses the opponent's Attack stat.,—
251,Freeze Shock,Ice,,140,90,5,,"Charges on first turn, attacks on second. May paralyze opponent.",30
252,Freeze-Dry,Ice,,70,100,20,,May freeze opponent. Super-effective against Water types.,10
253,Freezy Frost,Ice,,90,100,15,,Resets all stat changes.,—
254,Frenzy Plant,Grass,,150,90,5,,User must recharge next turn.,—
255,Frost Breath,Ice,,60,90,10,,Always results in a critical hit.,100
256,Frustration,Normal,,—,100,20,,Power decreases with higher Friendship.,—
257,Fury Attack,Normal,,15,85,20,,Hits 2-5 times in one turn.,—
258,Fury Cutter,Bug,,40,95,20,,Power increases each turn.,—
259,Fury Swipes,Normal,,18,80,15,,Hits 2-5 times in one turn.,—
260,Fusion Bolt,Electric,,100,100,5,,Power increases if Fusion Flare is used in the same turn.,—
261,Fusion Flare,Fire,,100,100,5,,Power increases if Fusion Bolt is used in the same turn.,—
262,Future Sight,Psychic,,120,100,10,,Damage occurs 2 turns later.,—
263,G-Max Befuddle,Bug,—,—,—,—,,"Butterfree-exclusive G-Max Move. Poisons, paralyzes, or puts opponent to sleep.",100
264,G-Max Centiferno,Fire,—,—,—,—,,Centiskorch-exclusive G-Max Move. Traps opponents for 4-5 turns.,100
265,G-Max Chi Strike,Fighting,—,—,—,—,,Machamp-exclusive G-Max Move. Increases critical hit ratio.,—
266,G-Max Cuddle,Normal,—,—,—,—,,Eevee-exclusive G-Max Move. Infatuates opponents.,100
267,G-Max Depletion,Dragon,—,—,—,—,,Duraludon-exclusive G-Max Move. Reduces opponent's PP.,—
268,G-Max Drum Solo,Grass,—,—,—,—,,Rillaboom-exclusive G-Max Move. Ignores target's ability.,—
269,G-Max Finale,Fairy,—,—,—,—,,Alcremie-exclusive G-Max Move. Heals the user's team.,—
270,G-Max Fireball,Fire,—,—,—,—,,Cinderace-exclusive G-Max Move. Ignores target's ability.,—
271,G-Max Foam Burst,Water,—,—,—,—,,Kingler-exclusive G-Max Move. Harshly lowers opponents' Speed.,100
272,G-Max Gold Rush,Normal,—,—,—,—,,Meowth-exclusive G-Max Move. Confuses opponents and earns more money.,100
273,G-Max Gravitas,Psychic,—,—,—,—,,Orbeetle-exclusive G-Max Move. Summons Gravity for 5 turns.,—
274,G-Max Hydrosnipe,Water,—,—,—,—,,Inteleon-exclusive G-Max Move. Ignores target's ability.,—
275,G-Max Malodor,Poison,—,—,—,—,,Garbodor-exclusive G-Max Move. Poisons opponents.,100
276,G-Max Meltdown,Steel,—,—,—,—,,Melmetal-exclusive G-Max Move. Prevents opponents using the same move twice in a row.,—
277,G-Max Replenish,Normal,—,—,—,—,,Snorlax-exclusive G-Max Move. Recycles Berries.,—
278,G-Max Resonance,Ice,—,—,—,—,,Lapras-exclusive G-Max Move. Reduces damage for 5 turns.,—
279,G-Max Sandblast,Ground,—,—,—,—,,Sandaconda-exclusive G-Max Move. Traps opponents for 4-5 turns.,100
280,G-Max Smite,Fairy,—,—,—,—,,Hatterene-exclusive G-Max Move. Confuses opponents.,100
281,G-Max Snooze,Dark,—,—,—,—,,Grimmsnarl-exclusive G-Max Move. Makes opponents drowsy.,—
282,G-Max Steelsurge,Steel,—,—,—,—,,Copperajah-exclusive G-Max Move. Sets up Spikes on the field.,—
283,G-Max Stonesurge,Water,—,—,—,—,,Drednaw-exclusive G-Max Move. Sets up Stealth Rock.,—
284,G-Max Stun Shock,Electric,—,—,—,—,,Toxtricity-exclusive G-Max Move. Poisons or paralyzes opponents.,100
285,G-Max Sweetness,Grass,—,—,—,—,,Appletun-exclusive G-Max Move. Heals status conditions of user's team.,—
286,G-Max Tartness,Grass,—,—,—,—,,Flapple-exclusive G-Max Move. Reduces opponents' evasiveness.,100
287,G-Max Terror,Ghost,—,—,—,—,,Gengar-exclusive G-Max Move. Prevents opponent from switching out.,—
288,G-Max Volcalith,Rock,—,—,—,—,,Coalossal-exclusive G-Max Move. Deals damage for 4 turns.,100
289,G-Max Volt Crash,Electric,—,—,—,—,,Pikachu-exclusive G-Max Move. Paralyzes opponents.,100
290,G-Max Wildfire,Fire,—,—,—,—,,Charizard-exclusive G-Max Move. Damages non-Fire types for 4 turns.,100
291,G-Max Wind Rage,Flying,—,—,—,—,,Corviknight-exclusive G-Max Move. Removes battlefield hazards.,—
292,Gastro Acid,Poison,,—,100,10,,Cancels out the effect of the opponent's Ability.,—
293,Gear Grind,Steel,,50,85,15,,Hits twice in one turn.,—
294,Gear Up,Steel,,—,—,20,,The user engages its gears to raise the Attack and Sp. Atk stats of ally Pokémon with the Plus or Minus Ability.,—
295,Genesis Supernova,Psychic,,185,—,1,,Mew-exclusive Z-Move.,—
296,Geomancy,Fairy,,—,—,10,,"Charges on first turn, sharply raises user's Sp. Attack, Sp. Defense and Speed on the second.",—
297,Giga Drain,Grass,,75,100,10,TM28,User recovers half the HP inflicted on opponent.,—
298,Giga Impact,Normal,,150,90,5,TM09,User must recharge next turn.,—
299,Gigavolt Havoc,Electric,—,—,—,1,,Electric type Z-Move.,—
300,Glaciate,Ice,,65,95,10,,Lowers opponent's Speed.,100
301,Glare,Normal,,—,100,30,,Paralyzes opponent.,—
302,Glitzy Glow,Psychic,,90,100,15,,Reduces damage from Special attacks.,—
303,Grass Knot,Grass,,—,100,20,,"The heavier the opponent, the stronger the attack.",—
304,Grass Pledge,Grass,,80,100,10,,Added effects appear if preceded by Water Pledge or succeeded by Fire Pledge.,—
305,Grass Whistle,Grass,,—,55,15,,Puts opponent to sleep.,—
306,Grassy Glide,Grass,—,—,—,—,,High priority during Grassy Terrain.,—
307,Grassy Terrain,Grass,,—,—,10,TM88,Restores a little HP of all Pokémon for 5 turns. ,—
308,Grav Apple,Grass,,80,100,10,,Lowers the opponent's Defense stat.,100
309,Gravity,Psychic,,—,—,5,,Prevents moves like Fly and Bounce and the Ability Levitate for 5 turns.,—
310,Growl,Normal,,—,100,40,,Lowers opponent's Attack.,—
311,Growth,Normal,,—,—,20,,Raises user's Attack and Special Attack.,—
312,Grudge,Ghost,,—,—,5,,"If the users faints after using this move, the PP for the opponent's last move is depleted.",—
313,Guard Split,Psychic,,—,—,10,,Averages Defense and Special Defense with the target.,—
314,Guard Swap,Psychic,,—,—,10,TM61,User and opponent swap Defense and Special Defense.,—
315,Guardian of Alola,Fairy,,—,—,1,,Tapu-exclusive Z-move. Cuts opponent's HP by 75%.,—
316,Guillotine,Normal,,—,30,5,,"One-Hit-KO, if it hits.",—
317,Gunk Shot,Poison,,120,80,5,,May poison opponent.,30
318,Gust,Flying,,40,100,35,,Hits Pokémon using Fly/Bounce with double power.,—
319,Gyro Ball,Steel,,—,100,5,,"The slower the user, the stronger the attack.",—
320,Hail,Ice,,—,—,10,TM35,Non-Ice types are damaged for 5 turns.,—
321,Hammer Arm,Fighting,,100,90,10,,Lowers user's Speed.,100
322,Happy Hour,Normal,,—,—,30,,Doubles prize money from trainer battles.,—
323,Harden,Normal,,—,—,30,,Raises user's Defense.,—
324,Haze,Ice,,—,—,30,,Resets all stat changes.,—
325,Head Charge,Normal,,120,100,15,,User receives recoil damage.,—
326,Head Smash,Rock,,150,80,5,,User receives recoil damage.,—
327,Headbutt,Normal,,70,100,15,,May cause flinching.,30
328,Heal Bell,Normal,,—,—,5,,Heals the user's party's status conditions.,—
329,Heal Block,Psychic,,—,100,15,,Prevents the opponent from restoring HP for 5 turns.,—
330,Heal Order,Bug,,—,—,10,,User recovers half its max HP.,—
331,Heal Pulse,Psychic,,—,—,10,,Restores half the target's max HP.,—
332,Healing Wish,Psychic,,—,—,10,,The user faints and the next Pokémon released is fully healed.,—
333,Heart Stamp,Psychic,,60,100,25,,May cause flinching.,30
334,Heart Swap,Psychic,,—,—,10,,Stat changes are swapped with the opponent.,—
335,Heat Crash,Fire,,—,100,10,,"The heavier the user, the stronger the attack.",—
336,Heat Wave,Fire,,95,90,10,,May burn opponent.,10
337,Heavy Slam,Steel,,—,100,10,,"The heavier the user, the stronger the attack.",—
338,Helping Hand,Normal,,—,—,20,TM41,"In Double Battles, boosts the power of the partner's move.",—
339,Hex,Ghost,,65,100,10,TM77,Inflicts more damage if the target has a status condition.,—
340,Hidden Power,Normal,,60,100,15,,Type and power depends on user's IVs.,—
341,High Horsepower,Ground,,95,95,10,,The user fiercely attacks the target using its entire body.,—
342,High Jump Kick,Fighting,,130,90,10,,"If it misses, the user loses half their HP.",—
343,Hold Back,Normal,,40,100,40,,Always leaves opponent with at least 1 HP.,—
344,Hold Hands,Normal,,—,—,40,,Makes the user and an ally very happy.,—
345,Hone Claws,Dark,,—,—,15,,Raises user's Attack and Accuracy.,—
346,Horn Attack,Normal,,65,100,25,,,—
347,Horn Drill,Normal,,—,30,5,,"One-Hit-KO, if it hits.",—
348,Horn Leech,Grass,,75,100,10,,User recovers half the HP inflicted on opponent.,—
349,Howl,Normal,,—,—,40,,Raises Attack of allies.,—
350,Hurricane,Flying,,110,70,10,,May confuse opponent.,30
351,Hydro Cannon,Water,,150,90,5,,User must recharge next turn.,—
352,Hydro Pump,Water,,110,80,5,,,—
353,Hydro Vortex,Water,—,—,—,1,,Water type Z-Move.,—
354,Hyper Beam,Normal,,150,90,5,TM08,User must recharge next turn.,—
355,Hyper Fang,Normal,,80,90,15,,May cause flinching.,10
356,Hyper Voice,Normal,,90,100,10,,,—
357,Hyperspace Fury,Dark,,100,∞,5,,Lowers user's Defense. Can strike through Protect/Detect.,100
358,Hyperspace Hole,Psychic,,80,∞,5,,Can strike through Protect/Detect.,—
359,Hypnosis,Psychic,,—,60,20,,Puts opponent to sleep.,—
360,Ice Ball,Ice,,30,90,20,,Doubles in power each turn for 5 turns.,—
361,Ice Beam,Ice,,90,100,10,,May freeze opponent.,10
362,Ice Burn,Ice,,140,90,5,,"Charges on first turn, attacks on second. May burn opponent.",30
363,Ice Fang,Ice,,65,95,15,TM67,May cause flinching and/or freeze opponent.,10
364,Ice Hammer,Ice,,100,90,10,,"The user swings and hits with its strong, heavy fist. It lowers the user's Speed, however.",100
365,Ice Punch,Ice,,75,100,15,TM04,May freeze opponent.,10
366,Ice Shard,Ice,,40,100,30,,User attacks first.,—
367,Icicle Crash,Ice,,85,90,10,,May cause flinching.,30
368,Icicle Spear,Ice,,25,100,30,TM51,Hits 2-5 times in one turn.,—
369,Icy Wind,Ice,,55,95,15,TM27,Lowers opponent's Speed.,100
370,Imprison,Psychic,,—,—,10,TM44,Opponent is unable to use moves that the user also knows.,—
371,Incinerate,Fire,,60,100,15,,Destroys the target's held berry.,—
372,Inferno,Fire,,100,50,5,,Burns opponent.,100
373,Inferno Overdrive,Fire,—,—,—,1,,Fire type Z-Move.,—
374,Infestation,Bug,,20,100,20,,"Traps opponent, damaging them for 4-5 turns.",100
375,Ingrain,Grass,,—,—,20,,User restores HP each turn. User cannot escape/switch.,—
376,Instruct,Psychic,,—,—,15,,Allows an ally to use a move instead.,—
377,Ion Deluge,Electric,,—,—,25,,Changes Normal-type moves to Electric-type.,—
378,Iron Defense,Steel,,—,—,15,,Sharply raises user's Defense.,—
379,Iron Head,Steel,,80,100,15,,May cause flinching.,30
380,Iron Tail,Steel,,100,75,15,,May lower opponent's Defense.,30
381,Jaw Lock,Dark,,80,100,10,,Prevents user and opponent from switching out.,—
382,Judgment,Normal,,100,100,10,,Type depends on the Arceus Plate being held.,—
383,Jump Kick,Fighting,,100,95,10,,"If it misses, the user loses half their HP.",—
384,Jungle Healing,Grass,,—,—,—,,Restores team's HP and cures status conditions.,—
385,Karate Chop,Fighting,,50,100,25,,High critical hit ratio.,—
386,Kinesis,Psychic,,—,80,15,,Lowers opponent's Accuracy.,—
387,King's Shield,Steel,,—,—,10,,Protects the user and lowers opponent's Attack on contact.,—
388,Knock Off,Dark,,65,100,20,,Removes opponent's held item for the rest of the battle.,—
389,Land's Wrath,Ground,,90,100,10,,,—
390,Laser Focus,Normal,,—,—,30,,User's next attack is guaranteed to result in a critical hit.,—
391,Lash Out,Dark,,75,100,5,,Double power if stats were lowered during the turn.,—
392,Last Resort,Normal,,140,100,5,,Can only be used after all other moves are used.,—
393,Lava Plume,Fire,,80,100,15,,May burn opponent.,30
394,Leaf Blade,Grass,,90,100,15,,High critical hit ratio.,—
395,Leaf Storm,Grass,,130,90,5,,Sharply lowers user's Special Attack.,100
396,Leaf Tornado,Grass,,65,90,10,,May lower opponent's Accuracy.,50
397,Leafage,Grass,,40,100,40,,Strikes opponent with leaves.,—
398,Leech Life,Bug,,80,100,10,,User recovers half the HP inflicted on opponent.,—
399,Leech Seed,Grass,,—,90,10,,Drains HP from opponent each turn.,—
400,Leer,Normal,,—,100,30,,Lowers opponent's Defense.,100
401,Let's Snuggle Forever,Fairy,,190,—,1,,Mimikyu-exclusive Z-Move.,—
402,Lick,Ghost,,30,100,30,,May paralyze opponent.,30
403,Life Dew,Water,,—,—,10,,User and teammates recover HP.,—
404,Light of Ruin,Fairy,,140,90,5,,User receives recoil damage.,—
405,Light Screen,Psychic,,—,—,30,TM17,Halves damage from Special attacks for 5 turns.,—
406,Light That Burns the Sky,Psychic,,200,—,1,,Ultra Necrozma-exclusive Z-Move. Ignores target's ability; uses highest Attack stat.,—
407,Liquidation,Water,,85,100,10,,May lower opponent's Defense.,20
408,Lock-On,Normal,,—,—,5,,User's next attack is guaranteed to hit.,—
409,Lovely Kiss,Normal,,—,75,10,,Puts opponent to sleep.,—
410,Low Kick,Fighting,,—,100,20,,"The heavier the opponent, the stronger the attack.",—
411,Low Sweep,Fighting,,65,100,20,TM75,Lowers opponent's Speed.,100
412,Lucky Chant,Normal,,—,—,30,,Opponent cannot land critical hits for 5 turns.,—
413,Lunar Dance,Psychic,,—,—,10,,The user faints but the next Pokémon released is fully healed.,—
414,Lunge,Bug,,80,100,15,,"The user makes a lunge at the target, attacking with full force. This also lowers the target's Attack stat.",100
415,Luster Purge,Psychic,,70,100,5,,May lower opponent's Special Defense.,50
416,Mach Punch,Fighting,,40,100,30,,User attacks first.,—
417,Magic Coat,Psychic,,—,—,15,,Reflects moves that cause status conditions back to the attacker.,—
418,Magic Powder,Psychic,,—,100,20,,Changes target's type to Psychic.,—
419,Magic Room,Psychic,,—,—,10,TM72,Suppresses the effects of held items for five turns.,—
420,Magical Leaf,Grass,,60,∞,20,TM10,Ignores Accuracy and Evasiveness.,—
421,Magma Storm,Fire,,100,75,5,,"Traps opponent, damaging them for 4-5 turns.",100
422,Magnet Bomb,Steel,,60,∞,20,,Ignores Accuracy and Evasiveness.,—
423,Magnet Rise,Electric,,—,—,10,,User becomes immune to Ground-type moves for 5 turns.,—
424,Magnetic Flux,Electric,,—,—,20,,Raises Defense and Sp. Defense of Plus/Minus Pokémon.,—
425,Magnitude,Ground,,—,100,30,,Hits with random power.,—
426,Malicious Moonsault,Dark,,180,—,1,,Incineroar-exclusive Z-Move.,—
427,Mat Block,Fighting,,—,—,10,,Protects teammates from damaging moves.,—
428,Max Airstream,Flying,—,—,—,—,,Flying type Dynamax move. Raises the team's Speed.,100
429,Max Darkness,Dark,—,—,—,—,,Dark type Dynamax move. Lowers the target's Special Defense.,100
430,Max Flare,Fire,—,—,—,—,,Fire type Dynamax move. Summons harsh sunlight.,—
431,Max Flutterby,Bug,—,—,—,—,,Bug type Dynamax move. Lowers the target's Special Attack.,100
432,Max Geyser,Water,—,—,—,—,,Water type Dynamax move. Summons heavy rain.,—
433,Max Guard,Normal,—,—,—,—,,Status category Dynamax move. Protects the user.,—
434,Max Hailstorm,Ice,—,—,—,—,,Ice type Dynamax move. Summons hail.,—
435,Max Knuckle,Fighting,—,—,—,—,,Fighting type Dynamax move. Increases the team's Attack.,100
436,Max Lightning,Electric,—,—,—,—,,Electric type Dynamax move. Summons Electric Terrain.,—
437,Max Mindstorm,Psychic,—,—,—,—,,Psychic type Dynamax move. Summons Psychic Terrain.,—
438,Max Ooze,Poison,—,—,—,—,,Poison type Dynamax move. Increases the team's Special Attack.,100
439,Max Overgrowth,Grass,—,—,—,—,,Grass type Dynamax move. Summons Grassy Terrain.,—
440,Max Phantasm,Ghost,—,—,—,—,,Ghost type Dynamax move. Lowers the target's Defense.,100
441,Max Quake,Ground,—,—,—,—,,Ground type Dynamax move. Increases the team's Special Defense.,100
442,Max Rockfall,Rock,—,—,—,—,,Rock type Dynamax move. Summons a sandstorm.,—
443,Max Starfall,Fairy,—,—,—,—,,Fairy type Dynamax move. Summons Misty Terrain.,—
444,Max Steelspike,Steel,—,—,—,—,,Steel type Dynamax move. Raises the team's Defense.,100
445,Max Strike,Normal,—,—,—,—,,Normal type Dynamax move. Lowers the target's Speed.,100
446,Max Wyrmwind,Dragon,—,—,—,—,,Dragon type Dynamax move. Lowers the target's Attack.,100
447,Me First,Normal,,—,—,20,,User copies the opponent's attack with 1.5× power.,—
448,Mean Look,Normal,,—,—,5,,Opponent cannot flee or switch.,—
449,Meditate,Psychic,,—,—,40,,Raises user's Attack.,—
450,Mega Drain,Grass,,40,100,15,,User recovers half the HP inflicted on opponent.,—
451,Mega Kick,Normal,,120,75,5,TM01,,—
452,Mega Punch,Normal,,80,85,20,,,—
453,Megahorn,Bug,,120,85,10,,,—
454,Memento,Dark,,—,100,10,,"User faints, sharply lowers opponent's Attack and Special Attack.",—
455,Menacing Moonraze Maelstrom,Ghost,,200,—,1,,Lunala-exclusive Z-Move.,—
456,Metal Burst,Steel,,—,100,10,,Deals damage equal to 1.5x opponent's attack.,—
457,Metal Claw,Steel,,50,95,35,,May raise user's Attack.,10
458,Metal Sound,Steel,,—,85,40,,Sharply lowers opponent's Special Defense.,—
459,Meteor Assault,Fighting,,150,100,5,,User must recharge next turn.,—
460,Meteor Beam,Rock,,120,90,10,,"User gathers space power and boosts its Sp. Atk stat, then attacks the target on the next turn.",—
461,Meteor Mash,Steel,,90,90,10,,May raise user's Attack.,20
462,Metronome,Normal,,—,—,10,,User performs almost any move in the game at random.,—
463,Milk Drink,Normal,,—,—,10,,User recovers half its max HP.,—
464,Mimic,Normal,,—,—,10,,Copies the opponent's last move.,—
465,Mind Blown,Fire,,150,100,5,,User receives recoil damage.,—
466,Mind Reader,Normal,,—,—,5,,User's next attack is guaranteed to hit.,—
467,Minimize,Normal,,—,—,10,,Sharply raises user's Evasiveness.,—
468,Miracle Eye,Psychic,,—,—,40,,"Resets opponent's Evasiveness, removes Dark's Psychic immunity.",—
469,Mirror Coat,Psychic,,—,100,20,,"When hit by a Special Attack, user strikes back with 2x power.",—
470,Mirror Move,Flying,,—,—,20,,User performs the opponent's last move.,—
471,Mirror Shot,Steel,,65,85,10,,May lower opponent's Accuracy.,30
472,Mist,Ice,,—,—,30,,User's stats cannot be changed for a period of time.,—
473,Mist Ball,Psychic,,70,100,5,,May lower opponent's Special Attack.,50
474,Misty Explosion,Fairy,,100,100,5,,Power increases on Misty Terrain.,—
475,Misty Terrain,Fairy,,—,—,10,TM89,Protects the field from status conditions for 5 turns.,—
476,Moonblast,Fairy,,95,100,15,,May lower opponent's Special Attack.,30
477,Moongeist Beam,Ghost,,100,100,5,,Ignores the target's ability.,—
478,Moonlight,Fairy,,—,—,5,,User recovers HP. Amount varies with the weather.,—
479,Morning Sun,Normal,,—,—,5,,User recovers HP. Amount varies with the weather.,—
480,Mud Bomb,Ground,,65,85,10,,May lower opponent's Accuracy.,30
481,Mud Shot,Ground,,55,95,15,TM53,Lowers opponent's Speed.,100
482,Mud Sport,Ground,,—,—,15,,Weakens the power of Electric-type moves.,—
483,Mud-Slap,Ground,,20,100,10,,Lowers opponent's Accuracy.,100
484,Muddy Water,Water,,90,85,10,,May lower opponent's Accuracy.,30
485,Multi-Attack,Normal,,120,100,10,,Type matches Memory item held.,—
486,Mystical Fire,Fire,,75,100,10,TM92,Lowers opponent's Special Attack.,100
487,Nasty Plot,Dark,,—,—,20,,Sharply raises user's Special Attack.,—
488,Natural Gift,Normal,,—,100,15,,Power and type depend on the user's held berry.,—
489,Nature Power,Normal,,—,—,20,,Uses a certain move based on the current terrain.,—
490,Nature's Madness,Fairy,,—,90,10,,Halves the foe's HP.,—
491,Needle Arm,Grass,,60,100,15,,May cause flinching.,30
492,Never-Ending Nightmare,Ghost,—,—,—,1,,Ghost type Z-Move.,—
493,Night Daze,Dark,,85,95,10,,May lower opponent's Accuracy.,40
494,Night Shade,Ghost,,—,100,15,,Inflicts damage equal to user's level.,—
495,Night Slash,Dark,,70,100,15,,High critical hit ratio.,—
496,Nightmare,Ghost,,—,100,15,,The sleeping opponent loses 25% of its max HP each turn.,—
497,No Retreat,Fighting,,—,—,5,,Raises all stats but user cannot switch out.,100
498,Noble Roar,Normal,,—,100,30,,Lowers opponent's Attack and Special Attack.,100
499,Nuzzle,Electric,,20,100,20,,Paralyzes opponent.,100
500,Oblivion Wing,Flying,,80,100,10,,User recovers most of the HP inflicted on opponent.,—
501,Obstruct,Dark,,—,100,10,,Protects the user and sharply lowers Defence on contact.,—
502,Oceanic Operetta,Water,,195,—,1,,Primarina-exclusive Z-Move.,—
503,Octazooka,Water,,65,85,10,,May lower opponent's Accuracy.,50
504,Octolock,Fighting,,—,100,15,,"Lowers opponent's Defense and Special Defense every turn, and they cannot flee or switch out.",—
505,Odor Sleuth,Normal,,—,—,40,,"Resets opponent's Evasiveness, Normal-type and Fighting-type attacks can now hit Ghosts, and Ghost-type attacks hit Normal.",—
506,Ominous Wind,Ghost,,60,100,5,,May raise all user's stats at once.,10
507,Origin Pulse,Water,,110,85,10,,Hits all adjacent opponents.,—
508,Outrage,Dragon,,120,100,10,,User attacks for 2-3 turns but then becomes confused.,—
509,Overdrive,Electric,,80,100,10,,,—
510,Overheat,Fire,,130,90,5,,Sharply lowers user's Special Attack.,100
511,Pain Split,Normal,,—,—,20,,The user's and opponent's HP becomes the average of both.,—
512,Parabolic Charge,Electric,,65,100,20,,User recovers half the HP inflicted on opponent.,—
513,Parting Shot,Dark,,—,100,20,,Lowers opponent's Attack and Special Attack then switches out. ,100
514,Pay Day,Normal,,40,100,20,TM02,A small amount of money is gained after the battle resolves.,—
515,Payback,Dark,,50,100,10,TM57,Power doubles if the user was attacked first.,—
516,Peck,Flying,,35,100,35,,,—
517,Perish Song,Normal,,—,—,5,,Any Pokémon in play when this attack is used faints in 3 turns.,—
518,Petal Blizzard,Grass,,90,100,15,,Hits all adjacent Pokémon.,—
519,Petal Dance,Grass,,120,100,10,,User attacks for 2-3 turns but then becomes confused.,—
520,Phantom Force,Ghost,,90,100,10,TM86,"Disappears on first turn, attacks on second. Can strike through Protect/Detect.",—
521,Photon Geyser,Psychic,,100,100,5,,"Uses Attack or Special Attack stat, whichever is higher.",—
522,Pika Papow,Electric,,—,∞,20,,Power increases when player's bond is stronger.,—
523,Pin Missile,Bug,,25,95,20,TM07,Hits 2-5 times in one turn.,—
524,Plasma Fists,Electric,,100,100,15,,Changes Normal-type moves to Electric-type moves.,—
525,Play Nice,Normal,,—,—,20,,Lowers opponent's Attack. Always hits.,100
526,Play Rough,Fairy,,90,90,10,,May lower opponent's Attack.,10
527,Pluck,Flying,,60,100,20,,"If the opponent is holding a berry, its effect is stolen by user.",—
528,Poison Fang,Poison,,50,100,15,,May badly poison opponent.,50
529,Poison Gas,Poison,,—,90,40,,Poisons opponent.,—
530,Poison Jab,Poison,,80,100,20,,May poison the opponent.,30
531,Poison Powder,Poison,,—,75,35,,Poisons opponent.,—
532,Poison Sting,Poison,,15,100,35,,May poison the opponent.,30
533,Poison Tail,Poison,,50,100,25,,High critical hit ratio. May poison opponent.,10
534,Pollen Puff,Bug,,90,100,15,,Deals damage to opponent or restores HP of teammate.,—
535,Poltergeist,Ghost,,110,90,5,,Fails if the target doesn’t have an item.,—
536,Pound,Normal,,40,100,35,,,—
537,Powder,Bug,,—,100,20,,Damages Pokémon using Fire type moves.,—
538,Powder Snow,Ice,,40,100,25,,May freeze opponent.,10
539,Power Gem,Rock,,80,100,20,,,—
540,Power Split,Psychic,,—,—,10,,Averages Attack and Special Attack with the target.,—
541,Power Swap,Psychic,,—,—,10,TM60,User and opponent swap Attack and Special Attack.,—
542,Power Trick,Psychic,,—,—,10,,User's own Attack and Defense switch.,—
543,Power Trip,Dark,,20,100,10,,"The user boasts its strength and attacks the target. The more the user's stats are raised, the greater the move's power.",—
544,Power Whip,Grass,,120,85,10,,,—
545,Power-Up Punch,Fighting,,40,100,20,,Raises Attack.,100
546,Precipice Blades,Ground,,120,85,10,,Hits all adjacent opponents.,—
547,Present,Normal,,—,90,15,,Either deals damage or heals.,—
548,Prismatic Laser,Psychic,,160,100,10,,The user shoots powerful lasers using the power of a prism. The user can't move on the next turn.,—
549,Protect,Normal,,—,—,10,TM25,"Protects the user, but may fail if used consecutively.",—
550,Psybeam,Psychic,,65,100,20,,May confuse opponent.,10
551,Psych Up,Normal,,—,—,10,,Copies the opponent's stat changes.,—
552,Psychic,Psychic,,90,100,10,,May lower opponent's Special Defense.,10
553,Psychic Fangs,Psychic,,85,100,10,,The user bites the target with its psychic capabilities. This can also destroy Light Screen and Reflect.,—
554,Psychic Terrain,Psychic,,—,—,10,TM91,Prevents priority moves from being used for 5 turns.,—
555,Psycho Boost,Psychic,,140,90,5,,Sharply lowers user's Special Attack.,100
556,Psycho Cut,Psychic,,70,100,20,TM69,High critical hit ratio.,—
557,Psycho Shift,Psychic,,—,100,10,,Transfers user's status condition to the opponent.,—
558,Psyshock,Psychic,,80,100,10,,"Inflicts damage based on the target's Defense, not Special Defense.",—
559,Psystrike,Psychic,,100,100,10,,"Inflicts damage based on the target's Defense, not Special Defense.",—
560,Psywave,Psychic,,—,100,15,,Inflicts damage 50-150% of user's level.,—
561,Pulverizing Pancake,Normal,,210,—,1,,Snorlax-exclusive Normal type Z-Move.,—
562,Punishment,Dark,,—,100,5,,Power increases when opponent's stats have been raised.,—
563,Purify,Poison,,—,—,20,,"The user heals the target's status condition. If the move succeeds, it also restores the user's own HP.",—
564,Pursuit,Dark,,40,100,20,,Double power if the opponent is switching out.,—
565,Pyro Ball,Fire,,120,90,5,,May burn opponent.,10
566,Quash,Dark,,—,100,15,,Makes the target act last this turn.,—
567,Quick Attack,Normal,,40,100,30,,User attacks first.,—
568,Quick Guard,Fighting,,—,—,15,,Protects the user's team from high-priority moves.,—
569,Quiver Dance,Bug,,—,—,20,,"Raises user's Special Attack, Special Defense and Speed.",—
570,Rage,Normal,,20,100,20,,Raises user's Attack when hit.,—
571,Rage Powder,Bug,,—,—,20,,"Forces attacks to hit user, not team-mates.",—
572,Rain Dance,Water,,—,—,5,TM33,Makes it rain for 5 turns.,—
573,Rapid Spin,Normal,,50,100,40,,Raises user's Speed and removes entry hazards and trap move effects.,100
574,Razor Leaf,Grass,,55,95,25,,High critical hit ratio.,—
575,Razor Shell,Water,,75,95,10,TM83,May lower opponent's Defense.,50
576,Razor Wind,Normal,,80,100,10,,"Charges on first turn, attacks on second. High critical hit ratio.",—
577,Recover,Normal,,—,—,10,,User recovers half its max HP.,—
578,Recycle,Normal,,—,—,10,,User's used hold item is restored.,—
579,Reflect,Psychic,,—,—,20,TM18,Halves damage from Physical attacks for 5 turns.,—
580,Reflect Type,Normal,,—,—,15,,User becomes the target's type.,—
581,Refresh,Normal,,—,—,20,,"Cures paralysis, poison, and burns.",—
582,Relic Song,Normal,,75,100,10,,May put the target to sleep.,10
583,Rest,Psychic,,—,—,10,TM21,"User sleeps for 2 turns, but user is fully healed.",—
584,Retaliate,Normal,,70,100,5,TM79,Inflicts double damage if a teammate fainted on the last turn.,—
585,Return,Normal,,—,100,20,,Power increases with higher Friendship.,—
586,Revelation Dance,Normal,,90,100,15,,Type changes based on Oricorio's form.,—
587,Revenge,Fighting,,60,100,10,TM42,Power increases if user was hit first.,—
588,Reversal,Fighting,,—,100,15,,"The lower the user's HP, the higher the power.",—
589,Rising Voltage,Electric,,70,100,20,,Power doubles on Electric Terrain.,—
590,Roar,Normal,,—,—,20,,"In battles, the opponent switches. In the wild, the Pokémon runs.",—
591,Roar of Time,Dragon,,150,90,5,,User must recharge next turn.,—
592,Rock Blast,Rock,,25,90,10,TM54,Hits 2-5 times in one turn.,—
593,Rock Climb,Normal,,90,85,20,,May confuse opponent.,20
594,Rock Polish,Rock,,—,—,20,,Sharply raises user's Speed.,—
595,Rock Slide,Rock,,75,90,10,TM22,May cause flinching.,30
596,Rock Smash,Fighting,,40,100,15,,May lower opponent's Defense.,50
597,Rock Throw,Rock,,50,90,15,,,—
598,Rock Tomb,Rock,,60,95,15,TM48,Lowers opponent's Speed.,100
599,Rock Wrecker,Rock,,150,90,5,,User must recharge next turn.,—
600,Role Play,Psychic,,—,—,10,,User copies the opponent's Ability.,—
601,Rolling Kick,Fighting,,60,85,15,,May cause flinching.,30
602,Rollout,Rock,,30,90,20,,Doubles in power each turn for 5 turns.,—
603,Roost,Flying,,—,—,10,,User recovers half of its max HP and loses the Flying type temporarily.,—
604,Rototiller,Ground,,—,—,10,,Raises Attack and Special Attack of Grass-types.,100
605,Round,Normal,,60,100,15,TM76,Power increases if teammates use it in the same turn.,—
606,Sacred Fire,Fire,,100,95,5,,May burn opponent.,50
607,Sacred Sword,Fighting,,90,100,15,,Ignores opponent's stat changes.,—
608,Safeguard,Normal,,—,—,25,TM19,The user's party is protected from status conditions.,—
609,Sand Attack,Ground,,—,100,15,,Lowers opponent's Accuracy.,—
610,Sand Tomb,Ground,,35,85,15,TM49,"Traps opponent, damaging them for 4-5 turns.",100
611,Sandstorm,Rock,,—,—,10,TM32,Creates a sandstorm for 5 turns.,—
612,Sappy Seed,Grass,,90,100,15,,Drains HP from opponent each turn.,100
613,Savage Spin-Out,Bug,—,—,—,1,,Bug type Z-Move.,—
614,Scald,Water,,80,100,15,,May burn opponent.,30
615,Scale Shot,Dragon,,25,90,20,,Hits 2-5 times in one turn. Boosts user's Speed but lowers its Defense.,—
616,Scary Face,Normal,,—,100,10,TM26,Sharply lowers opponent's Speed.,—
617,Scorching Sands,Ground,,70,100,10,,May burn the target.,—
618,Scratch,Normal,,40,100,35,,,—
619,Screech,Normal,,—,85,40,TM16,Sharply lowers opponent's Defense.,—
620,Searing Shot,Fire,,100,100,5,,May burn opponent.,30
621,Searing Sunraze Smash,Steel,,200,—,1,,Solgaleo-exclusive Z-Move.,—
622,Secret Power,Normal,,70,100,20,,Effects of the attack vary with the location.,30
623,Secret Sword,Fighting,,85,100,10,,"Inflicts damage based on the target's Defense, not Special Defense.",—
624,Seed Bomb,Grass,,80,100,15,,,—
625,Seed Flare,Grass,,120,85,5,,May lower opponent's Special Defense.,40
626,Seismic Toss,Fighting,,—,100,20,,Inflicts damage equal to user's level.,—
627,Self-Destruct,Normal,,200,100,5,TM20,User faints.,—
628,Shadow Ball,Ghost,,80,100,15,,May lower opponent's Special Defense.,20
629,Shadow Bone,Ghost,,85,100,10,,May lower opponent's Defense.,20
630,Shadow Claw,Ghost,,70,100,15,TM65,High critical hit ratio.,—
631,Shadow Force,Ghost,,120,100,5,,"Disappears on first turn, attacks on second. Can strike through Protect/Detect.",—
632,Shadow Punch,Ghost,,60,∞,20,,Ignores Accuracy and Evasiveness.,—
633,Shadow Sneak,Ghost,,40,100,30,,User attacks first.,—
634,Sharpen,Normal,,—,—,30,,Raises user's Attack.,—
635,Shattered Psyche,Psychic,—,—,—,1,,Psychic type Z-Move.,—
636,Sheer Cold,Ice,,—,30,5,,"One-Hit-KO, if it hits.",—
637,Shell Side Arm,Poison,,—,—,—,,"May poison opponent. Inflicts either Special or Physical damage, whichever is better.",—
638,Shell Smash,Normal,,—,—,15,,"Sharply raises user's Attack, Special Attack and Speed but lowers Defense and Special Defense.",—
639,Shell Trap,Fire,,150,100,5,,Deals more damage to opponent if hit by a Physical move.,—
640,Shift Gear,Steel,,—,—,10,,Raises user's Attack and sharply raises Speed.,—
641,Shock Wave,Electric,,60,∞,20,,Ignores Accuracy and Evasiveness.,—
642,Shore Up,Ground,,—,—,10,,The user regains up to half of its max HP. It restores more HP in a sandstorm.,—
643,Signal Beam,Bug,,75,100,15,,May confuse opponent.,10
644,Silver Wind,Bug,,60,100,5,,May raise all stats of user at once.,10
645,Simple Beam,Normal,,—,100,15,,Changes target's ability to Simple.,—
646,Sing,Normal,,—,55,15,,Puts opponent to sleep.,—
647,Sinister Arrow Raid,Ghost,,180,—,1,,Decidueye-exclusive Z-Move.,—
648,Sizzly Slide,Fire,,90,100,15,,Burns the opponent.,100
649,Sketch,Normal,,—,—,1,,Permanently copies the opponent's last move.,—
650,Skill Swap,Psychic,,—,—,10,,The user swaps Abilities with the opponent.,—
651,Skitter Smack,Bug,,70,90,10,,Lowers opponent's Sp. Attack.,—
652,Skull Bash,Normal,,130,100,10,,"Raises Defense on first turn, attacks on second.",100
653,Sky Attack,Flying,,140,90,5,,"Charges on first turn, attacks on second. May cause flinching. High critical hit ratio.",30
654,Sky Drop,Flying,,60,100,10,,"Takes opponent into the air on first turn, drops them on second turn.",—
655,Sky Uppercut,Fighting,,85,90,15,,"Hits the opponent, even during Fly.",—
656,Slack Off,Normal,,—,—,10,,User recovers half its max HP.,—
657,Slam,Normal,,80,75,20,,,—
658,Slash,Normal,,70,100,20,,High critical hit ratio.,—
659,Sleep Powder,Grass,,—,75,15,,Puts opponent to sleep.,—
660,Sleep Talk,Normal,,—,—,10,,User performs one of its own moves while sleeping.,—
661,Sludge,Poison,,65,100,20,,May poison opponent.,30
662,Sludge Bomb,Poison,,90,100,10,,May poison opponent.,30
663,Sludge Wave,Poison,,95,100,10,,May poison opponent.,10
664,Smack Down,Rock,,50,100,15,,Makes Flying-type Pokémon vulnerable to Ground moves.,100
665,Smart Strike,Steel,,70,—,10,TM96,The user stabs the target with a sharp horn. This attack never misses.,—
666,Smelling Salts,Normal,,70,100,10,,"Power doubles if opponent is paralyzed, but cures it.",—
667,Smog,Poison,,30,70,20,,May poison opponent.,40
668,Smokescreen,Normal,,—,100,20,,Lowers opponent's Accuracy.,—
669,Snap Trap,Grass,,35,100,15,,"Traps opponent, damaging them for 4-5 turns.",100
670,Snarl,Dark,,55,95,15,TM85,Lowers opponent's Special Attack.,100
671,Snatch,Dark,,—,—,10,,Steals the effects of the opponent's next move.,—
672,Snipe Shot,Water,,80,100,15,,Ignores moves and abilities that draw in moves. High critical hit ratio.,—
673,Snore,Normal,,50,100,15,TM24,Can only be used if asleep. May cause flinching.,30
674,Soak,Water,,—,100,20,,Changes the target's type to water.,—
675,Soft-Boiled,Normal,,—,—,10,,User recovers half its max HP.,—
676,Solar Beam,Grass,,120,100,10,TM11,"Charges on first turn, attacks on second.",—
677,Solar Blade,Grass,,125,100,10,TM12,"Charges on first turn, attacks on second.",—
678,Sonic Boom,Normal,,—,90,20,,Always inflicts 20 HP.,—
679,Soul-Stealing 7-Star Strike,Ghost,,195,—,1,,Marshadow-exclusive Z-Move.,—
680,Spacial Rend,Dragon,,100,95,5,,High critical hit ratio.,—
681,Spark,Electric,,65,100,20,,May paralyze opponent.,30
682,Sparkling Aria,Water,,90,100,10,,Heals the burns of its target.,—
683,Sparkly Swirl,Fairy,,90,100,15,,Cures all status problems in the party Pokémon.,—
684,Spectral Thief,Ghost,,90,100,10,,"The user hides in the target's shadow, steals the target's stat boosts, and then attacks.",—
685,Speed Swap,Psychic,,—,—,10,TM62,The user exchanges Speed stats with the target.,—
686,Spider Web,Bug,,—,—,10,,Opponent cannot escape/switch.,—
687,Spike Cannon,Normal,,20,100,15,,Hits 2-5 times in one turn.,—
688,Spikes,Ground,,—,—,20,,Hurts opponents when they switch into battle.,—
689,Spiky Shield,Grass,,—,—,10,,Protects the user and inflicts damage on contact.,—
690,Spirit Break,Fairy,,75,100,15,,Lowers opponent's Special Attack.,100
691,Spirit Shackle,Ghost,,80,100,10,,Prevents the opponent from switching out.,—
692,Spit Up,Normal,,—,100,10,,Power depends on how many times the user performed Stockpile.,—
693,Spite,Ghost,,—,100,10,,The opponent's last move loses 2-5 PP.,—
694,Splash,Normal,,—,—,40,,Doesn't do ANYTHING.,—
695,Splintered Stormshards,Rock,,190,—,1,,Lycanroc-exclusive Z-Move.,—
696,Splishy Splash,Water,,90,100,15,,May paralyze opponent.,30
697,Spore,Grass,,—,100,15,,Puts opponent to sleep.,—
698,Spotlight,Normal,,—,—,15,,The user shines a spotlight on the target so that only the target will be attacked during the turn.,—
699,Stealth Rock,Rock,,—,—,20,,Damages opponent switching into battle.,—
700,Steam Eruption,Water,,110,95,5,,May burn opponent.,30
701,Steamroller,Bug,,65,100,20,,May cause flinching.,30
702,Steel Beam,Steel,,140,95,5,,User loses 50% of its HP.,—
703,Steel Roller,Steel,,130,100,5,,Fails if no Terrain in effect.,—
704,Steel Wing,Steel,,70,90,25,TM30,May raise user's Defense.,10
705,Sticky Web,Bug,,—,—,20,,Lowers opponent's Speed when switching into battle.,—
706,Stockpile,Normal,,—,—,20,,Stores energy for use with Spit Up and Swallow.,—
707,Stoked Sparksurfer,Electric,,175,—,1,,Alolan Raichu-exclusive Electric type Z-Move.,100
708,Stomp,Normal,,65,100,20,,May cause flinching.,30
709,Stomping Tantrum,Ground,,75,100,10,TM98,"Driven by frustration, the user attacks the target. If the user's previous move has failed, the power of this move doubles.",—
710,Stone Edge,Rock,,100,80,5,,High critical hit ratio.,—
711,Stored Power,Psychic,,20,100,10,,Power increases when user's stats have been raised.,—
712,Storm Throw,Fighting,,60,100,10,,Always results in a critical hit.,100
713,Strange Steam,Fairy,,90,95,10,,May confuse opponent.,20
714,Strength,Normal,,80,100,15,,,—
715,Strength Sap,Grass,,—,100,10,,The user restores its HP by the same amount as the target's Attack stat. It also lowers the target's Attack stat.,100
716,String Shot,Bug,,—,95,40,,Sharply lowers opponent's Speed.,—
717,Struggle,Normal,,50,—,—,,Only usable when all PP are gone. Hurts the user.,—
718,Struggle Bug,Bug,,50,100,20,,Lowers opponent's Special Attack.,100
719,Stuff Cheeks,Normal,,—,—,10,,"The user eats its held Berry, then sharply raises its Defense stat.",100
720,Stun Spore,Grass,,—,75,30,,Paralyzes opponent.,—
721,Submission,Fighting,,80,80,20,,User receives recoil damage.,—
722,Substitute,Normal,,—,—,10,,Uses HP to creates a decoy that takes hits.,—
723,Subzero Slammer,Ice,—,—,—,1,,Ice type Z-Move.,—
724,Sucker Punch,Dark,,70,100,5,,"User attacks first, but only works if opponent is readying an attack.",—
725,Sunny Day,Fire,,—,—,5,TM34,Makes it sunny for 5 turns.,—
726,Sunsteel Strike,Steel,,100,100,5,,Ignores the target's ability.,—
727,Super Fang,Normal,,—,90,10,,Always takes off half of the opponent's HP.,—
728,Superpower,Fighting,,120,100,5,,Lowers user's Attack and Defense.,100
729,Supersonic,Normal,,—,55,20,,Confuses opponent.,—
730,Supersonic Skystrike,Flying,—,—,—,1,,Flying type Z-Move.,—
731,Surf,Water,,90,100,15,,Hits all adjacent Pokémon.,—
732,Surging Strikes,Water,—,—,—,—,,Always results in a critical hit and ignores stat changes.,—
733,Swagger,Normal,,—,85,15,,"Opponent becomes confused, but its Attack is sharply raised.",—
734,Swallow,Normal,,—,—,10,,"The more times the user has performed Stockpile, the more HP is recovered.",—
735,Sweet Kiss,Fairy,,—,75,10,,Confuses opponent.,—
736,Sweet Scent,Normal,,—,100,20,,Lowers opponent's Evasiveness.,—
737,Swift,Normal,,60,∞,20,TM40,Ignores Accuracy and Evasiveness.,—
738,Switcheroo,Dark,,—,100,10,,Swaps held items with the opponent.,—
739,Swords Dance,Normal,,—,—,20,,Sharply raises user's Attack.,—
740,Synchronoise,Psychic,,120,100,10,,Hits any Pokémon that shares a type with the user.,—
741,Synthesis,Grass,,—,—,5,,User recovers HP. Amount varies with the weather.,—
742,Tackle,Normal,,40,100,35,,,—
743,Tail Glow,Bug,,—,—,20,,Drastically raises user's Special Attack.,—
744,Tail Slap,Normal,,25,85,10,TM84,Hits 2-5 times in one turn.,—
745,Tail Whip,Normal,,—,100,30,,Lowers opponent's Defense.,—
746,Tailwind,Flying,,—,—,15,,Doubles Speed for 4 turns.,—
747,Take Down,Normal,,90,85,20,,User receives recoil damage.,—
748,Tar Shot,Rock,,—,100,15,,Lowers the opponent's Speed and makes them weaker to Fire-type moves.,100
749,Taunt,Dark,,—,100,20,,Opponent can only use moves that attack.,—
750,Tearful Look,Normal,,—,—,20,,The user gets teary eyed to make the target lose its combative spirit. This lowers the target's Attack and Sp. Atk stats.,100
751,Teatime,Normal,,—,—,10,,Forces all Pokémon on the field to eat their berries.,—
752,Techno Blast,Normal,,120,100,5,,Type depends on the Drive being held.,—
753,Tectonic Rage,Ground,—,—,—,1,,Ground type Z-Move.,—
754,Teeter Dance,Normal,,—,100,20,,Confuses all Pokémon.,—
755,Telekinesis,Psychic,,—,—,15,,"Ignores opponent's Evasiveness for three turns, add Ground immunity.",—
756,Teleport,Psychic,,—,—,20,,Allows user to flee wild battles; also warps player to last PokéCenter.,—
757,Terrain Pulse,Normal,,50,100,10,,Type and power change depending on the Terrain in effect.,—
758,Thief,Dark,,60,100,25,TM23,Also steals opponent's held item.,—
759,Thousand Arrows,Ground,,90,100,10,,Makes Flying-type Pokémon vulnerable to Ground moves.,—
760,Thousand Waves,Ground,,90,100,10,,Opponent cannot flee or switch.,—
761,Thrash,Normal,,120,100,10,,User attacks for 2-3 turns but then becomes confused.,—
762,Throat Chop,Dark,,80,100,15,,Prevents use of sound moves for two turns.,100
763,Thunder,Electric,,110,70,10,,May paralyze opponent.,30
764,Thunder Fang,Electric,,65,95,15,TM66,May cause flinching and/or paralyze opponent.,10
765,Thunder Punch,Electric,,75,100,15,TM05,May paralyze opponent.,10
766,Thunder Shock,Electric,,40,100,30,,May paralyze opponent.,10
767,Thunder Wave,Electric,,—,90,20,TM14,Paralyzes opponent.,—
768,Thunderbolt,Electric,,90,100,15,,May paralyze opponent.,10
769,Tickle,Normal,,—,100,20,,Lowers opponent's Attack and Defense.,—
770,Topsy-Turvy,Dark,,—,—,20,,Reverses stat changes of opponent.,—
771,Torment,Dark,,—,100,15,,Opponent cannot use the same move in a row.,—
772,Toxic,Poison,,—,90,10,,Badly poisons opponent.,—
773,Toxic Spikes,Poison,,—,—,20,,Poisons opponents when they switch into battle.,—
774,Toxic Thread,Poison,,—,100,20,,Lowers target's Speed.,100
775,Transform,Normal,,—,—,10,,User takes on the form and attacks of the opponent.,—
776,Tri Attack,Normal,,80,100,10,,"May paralyze, burn or freeze opponent.",20
777,Trick,Psychic,,—,100,10,,Swaps held items with the opponent.,—
778,Trick Room,Psychic,,—,—,5,TM70,Slower Pokémon move first in the turn for 5 turns.,—
779,Trick-or-Treat,Ghost,,—,100,20,,Adds Ghost type to opponent.,—
780,Triple Axel,Ice,,20,90,10,,Attacks thrice with more power each time.,—
781,Triple Kick,Fighting,,10,90,10,,Hits thrice in one turn at increasing power.,—
782,Trop Kick,Grass,,70,100,15,,Lowers opponent's Attack.,100
783,Trump Card,Normal,,—,∞,5,,"The lower the PP, the higher the power.",—
784,Twineedle,Bug,,25,100,20,,Hits twice in one turn. May poison opponent.,20
785,Twinkle Tackle,Fairy,—,—,—,1,,Fairy type Z-Move.,—
786,Twister,Dragon,,40,100,20,,May cause flinching. Hits Pokémon using Fly/Bounce with double power.,20
787,U-turn,Bug,,70,100,20,TM56,User switches out immediately after attacking.,—
788,Uproar,Normal,,90,100,10,,User attacks for 3 turns and prevents sleep.,—
789,V-create,Fire,,180,95,5,,"Lowers user's Defense, Special Defense and Speed.",100
790,Vacuum Wave,Fighting,,40,100,30,,User attacks first.,—
791,Veevee Volley,Normal,,—,∞,20,,Power increases when player's bond is stronger.,—
792,Venom Drench,Poison,,—,100,20,,Lowers poisoned opponent's Special Attack and Speed.,100
793,Venoshock,Poison,,65,100,10,TM74,Inflicts double damage if the target is poisoned.,—
794,Vine Whip,Grass,,45,100,25,,,—
795,Vise Grip,Normal,,55,100,30,,,—
796,Vital Throw,Fighting,,70,∞,10,,"User attacks last, but ignores Accuracy and Evasiveness.",—
797,Volt Switch,Electric,,70,100,20,TM80,User must switch out after attacking.,—
798,Volt Tackle,Electric,,120,100,15,,User receives recoil damage. May paralyze opponent.,10
799,Wake-Up Slap,Fighting,,70,100,10,,"Power doubles if opponent is asleep, but wakes it up.",—
800,Water Gun,Water,,40,100,25,,,—
801,Water Pledge,Water,,80,100,10,,Added effects appear if preceded by Fire Pledge or succeeded by Grass Pledge.,—
802,Water Pulse,Water,,60,100,20,,May confuse opponent.,20
803,Water Shuriken,Water,,15,100,20,,Hits 2-5 times in one turn.,—
804,Water Sport,Water,,—,—,15,,Weakens the power of Fire-type moves.,—
805,Water Spout,Water,,150,100,5,,"The higher the user's HP, the higher the damage caused.",—
806,Waterfall,Water,,80,100,15,,May cause flinching.,20
807,Weather Ball,Normal,,50,100,10,TM46,Move's power and type changes with the weather.,—
808,Whirlpool,Water,,35,85,15,TM36,"Traps opponent, damaging them for 4-5 turns.",100
809,Whirlwind,Normal,,—,—,20,,"In battles, the opponent switches. In the wild, the Pokémon runs.",—
810,Wicked Blow,Dark,—,—,—,—,,Always results in a critical hit and ignores stat changes.,—
811,Wide Guard,Rock,,—,—,10,,Protects the user's team from multi-target attacks.,—
812,Wild Charge,Electric,,90,100,15,,User receives recoil damage.,—
813,Will-O-Wisp,Fire,,—,85,15,TM38,Burns opponent.,—
814,Wing Attack,Flying,,60,100,35,,,—
815,Wish,Normal,,—,—,10,,The user recovers HP in the following turn.,—
816,Withdraw,Water,,—,—,40,,Raises user's Defense.,—
817,Wonder Room,Psychic,,—,—,10,TM71,Swaps every Pokémon's Defense and Special Defense for 5 turns.,—
818,Wood Hammer,Grass,,120,100,15,,User receives recoil damage.,—
819,Work Up,Normal,,—,—,30,,Raises user's Attack and Special Attack.,—
820,Worry Seed,Grass,,—,100,10,,Changes the opponent's Ability to Insomnia.,—
821,Wrap,Normal,,15,90,20,,"Traps opponent, damaging them for 4-5 turns.",100
822,Wring Out,Normal,,—,100,5,,"The higher the opponent's HP, the higher the damage.",—
823,X-Scissor,Bug,,80,100,15,,,—
824,Yawn,Normal,,—,—,10,,Puts opponent to sleep in the next turn.,—
825,Zap Cannon,Electric,,120,50,5,,Paralyzes opponent.,100
826,Zen Headbutt,Psychic,,80,90,15,,May cause flinching.,20
827,Zing Zap,Electric,,80,100,10,,May cause flinching.,30
828,Zippy Zap,Electric,,50,100,15,,Always results in a critical hit.,100
