ID,Name
16,Feint
16,Confide
16,Fury Attack
16,Conversion
17,Barrage
17,Facade
17,Foresight
17,Extreme Evoboost
18,Assist
18,Crush Grip
18,Copycat
18,Barrage
19,Double Hit
19,Cut
19,Flail
19,Endure
20,Camouflage
20,Egg Bomb
20,Celebrate
20,Explosion
21,Extreme Evoboost
21,Double-Edge
21,Double Slap
21,Foresight
22,Extreme Speed
22,Constrict
22,Confide
22,Camouflage
39,Double-Edge
39,Defense Curl
39,Covet
39,Flail
40,Comet Punch
40,Extreme Speed
40,Baton Pass
40,Fury Attack
52,Flash
52,Chip Away
52,Crush Grip
52,Cut
53,Cut
53,Extreme Speed
53,Entrainment
53,Extreme Evoboost
83,False Swipe
83,Cut
83,Double Team
83,Defense Curl
84,Fury Swipes
84,Crush Grip
84,Feint
84,Court Change
85,Constrict
85,Defense Curl
85,Facade
85,Encore
108,Extreme Speed
108,Endure
108,Explosion
108,Double Slap
113,Disable
113,Covet
113,Double Hit
113,After You
115,Attract
115,Flash
115,False Swipe
115,Double Slap
128,Defense Curl
128,Fake Out
128,Endure
128,Facade
132,Captivate
132,Celebrate
132,Camouflage
132,Chip Away
133,After You
133,Captivate
133,Baton Pass
133,Echoed Voice
137,Facade
137,Body Slam
137,Confide
137,Foresight
143,Fury Swipes
143,Camouflage
143,Body Slam
143,Conversion 2
161,Focus Energy
161,Flash
161,Confide
161,Barrage
162,Defense Curl
162,Follow Me
162,Comet Punch
162,Fury Attack
163,Flash
163,Focus Energy
163,Echoed Voice
163,Body Slam
164,Double Hit
164,Defense Curl
164,Foresight
164,Constrict
174,Endure
174,Double Slap
174,Cut
174,Frustration
190,Constrict
190,Facade
190,Conversion
190,Flash
203,Breakneck Blitz
203,Conversion
203,Feint
203,Endure
206,Baton Pass
206,Double Slap
206,Conversion
206,Entrainment
216,Crush Grip
216,Fury Attack
216,Follow Me
216,Conversion 2
217,Breakneck Blitz
217,False Swipe
217,Disable
217,Confide
233,Focus Energy
233,Follow Me
233,Chip Away
233,Defense Curl
234,Cut
234,Flash
234,Body Slam
234,Barrage
235,Dizzy Punch
235,Flash
235,Endure
235,Disable
241,False Swipe
241,Breakneck Blitz
241,Encore
241,Crush Grip
242,Conversion
242,Constrict
242,Confide
242,Flash
263,Endure
263,Encore
263,Feint
263,Echoed Voice
264,Feint
264,Fury Attack
264,Assist
264,Conversion
276,Celebrate
276,Explosion
276,Assist
276,Camouflage
277,Covet
277,Egg Bomb
277,Crush Claw
277,Conversion
287,Attract
287,Egg Bomb
287,Double Team
287,Extreme Speed
288,Endeavor
288,Cut
288,Conversion 2
288,Focus Energy
289,False Swipe
289,Flail
289,Endure
289,Copycat
293,Flail
293,Flash
293,Foresight
293,Cut
294,Assist
294,Camouflage
294,Focus Energy
294,Baton Pass
295,Crush Grip
295,Foresight
295,Cut
295,Flail
298,Conversion 2
298,Copycat
298,Extreme Evoboost
298,Egg Bomb
300,Boomburst
300,Follow Me
300,Confide
300,Celebrate
301,Crush Claw
301,After You
301,Entrainment
301,Endeavor
327,Covet
327,Cut
327,Acupressure
327,Crush Grip
333,Facade
333,Copycat
333,Focus Energy
333,Fury Attack
335,Encore
335,Fake Out
335,Double-Edge
335,Copycat
351,Flash
351,Feint
351,Focus Energy
351,Conversion 2
352,Captivate
352,Crush Claw
352,Court Change
352,Feint
396,Double Slap
396,Foresight
396,Conversion 2
396,Double-Edge
397,Celebrate
397,Frustration
397,Fake Out
397,Fury Attack
398,Explosion
398,Barrage
398,Chip Away
398,Extreme Evoboost
399,Double Slap
399,Foresight
399,Encore
399,Egg Bomb
400,Endeavor
400,Extreme Evoboost
400,Endure
400,Facade
424,Boomburst
424,Foresight
424,Fury Attack
424,Baton Pass
427,Dizzy Punch
427,Camouflage
427,Follow Me
427,Copycat
428,Captivate
428,Defense Curl
428,Fury Attack
428,After You
431,Feint
431,Boomburst
431,Covet
431,Focus Energy
432,Conversion 2
432,Crush Grip
432,Boomburst
432,Baton Pass
440,Double Team
440,Captivate
440,Attract
440,Celebrate
441,Covet
441,Boomburst
441,Disable
441,Fury Attack
446,Explosion
446,Constrict
446,Fake Out
446,Attract
463,Fury Attack
463,Body Slam
463,Baton Pass
463,Covet
474,Feint
474,Fury Attack
474,Assist
474,Crush Grip
486,Covet
486,Court Change
486,Body Slam
486,Camouflage
493,Defense Curl
493,Extreme Speed
493,Endeavor
493,False Swipe
504,Confide
504,Assist
504,Conversion 2
504,Baton Pass
505,Crush Claw
505,Copycat
505,Dizzy Punch
505,Entrainment
506,Double Team
506,Acupressure
506,Chip Away
506,Extreme Speed
507,Extreme Speed
507,Egg Bomb
507,Baton Pass
507,Court Change
508,Endeavor
508,Acupressure
508,Baton Pass
508,Echoed Voice
519,Foresight
519,Flail
519,Chip Away
519,Double Team
520,Attract
520,Cut
520,Barrage
520,Camouflage
521,Disable
521,Crush Claw
521,Flail
521,Dizzy Punch
531,Entrainment
531,Breakneck Blitz
531,Flail
531,Crush Grip
572,Crush Claw
572,Comet Punch
572,Celebrate
572,False Swipe
573,Constrict
573,Endure
573,Celebrate
573,Egg Bomb
585,Echoed Voice
585,Double Slap
585,Acupressure
585,Comet Punch
586,Double Team
586,Focus Energy
586,Double Hit
586,Attract
626,Flail
626,Explosion
626,False Swipe
626,Crush Claw
627,Attract
627,Flash
627,Boomburst
627,Conversion 2
628,Fake Out
628,Fury Swipes
628,Double Hit
628,Acupressure
648,False Swipe
648,Camouflage
648,Fury Swipes
648,Constrict
659,Baton Pass
659,Facade
659,Defense Curl
659,Captivate
660,Extreme Speed
660,Follow Me
660,Frustration
660,Conversion 2
661,Follow Me
661,Assist
661,Encore
661,Double-Edge
667,Extreme Speed
667,Endeavor
667,Foresight
667,Explosion
668,Double Slap
668,Confide
668,Captivate
668,Attract
676,Encore
676,Double Slap
676,Breakneck Blitz
676,Fury Swipes
694,Boomburst
694,Feint
694,Extreme Evoboost
694,Comet Punch
695,Constrict
695,Body Slam
695,Endure
695,Copycat
731,Facade
731,Follow Me
731,Crush Grip
731,Covet
732,Crush Grip
732,Chip Away
732,Cut
732,Double Slap
733,Double Slap
733,False Swipe
733,Flail
733,Focus Energy
734,Feint
734,Entrainment
734,Double Team
734,Fury Swipes
735,Assist
735,Extreme Evoboost
735,Extreme Speed
735,Acupressure
759,Extreme Evoboost
759,Dizzy Punch
759,Confide
759,False Swipe
760,Double Slap
760,Copycat
760,Echoed Voice
760,Double-Edge
765,Celebrate
765,Echoed Voice
765,Boomburst
765,Fury Attack
772,Extreme Speed
772,Conversion 2
772,Fury Attack
772,Captivate
773,Conversion
773,Constrict
773,Celebrate
773,Fury Attack
775,Follow Me
775,Fury Swipes
775,Focus Energy
775,Extreme Speed
780,Defense Curl
780,Flail
780,Foresight
780,Double Hit
819,Double-Edge
819,Covet
819,Double Team
819,Comet Punch
820,Assist
820,Encore
820,Copycat
820,Attract
831,Chip Away
831,Confide
831,After You
831,Constrict
832,Camouflage
832,Chip Away
832,Follow Me
832,Constrict
862,Extreme Evoboost
862,Explosion
862,Follow Me
862,Camouflage
876,Assist
876,Defense Curl
876,Celebrate
876,Double Team
4,Fire Spin
4,Blue Flare
4,Ember
4,Eruption
5,Fire Fang
5,Flame Charge
5,Flare Blitz
5,Fire Spin
6,Fire Pledge
6,Flamethrower
6,Fiery Dance
6,Ember
37,Fire Punch
37,Blue Flare
37,Flame Burst
37,Flamethrower
38,Flamethrower
38,Fire Lash
38,Burning Jealousy
38,Burn Up
58,Fire Pledge
58,Ember
58,Fiery Dance
58,Fire Punch
59,Flamethrower
59,Fire Fang
59,Flame Burst
59,Fire Punch
77,Flare Blitz
77,Fiery Dance
77,Flame Charge
77,Fire Pledge
78,Flame Wheel
78,Fire Fang
78,Blue Flare
78,Fire Lash
126,Flame Burst
126,Fire Punch
126,Eruption
126,Fire Pledge
136,Eruption
136,Fire Spin
136,Fire Punch
136,Flamethrower
146,Fusion Flare
146,Eruption
146,Flamethrower
146,Fire Fang
155,Burn Up
155,Fire Fang
155,Flame Burst
155,Fire Spin
156,Fire Blast
156,Blue Flare
156,Fire Fang
156,Eruption
157,Fire Spin
157,Flare Blitz
157,Flame Charge
157,Fire Fang
218,Fusion Flare
218,Eruption
218,Ember
218,Fire Spin
219,Fiery Dance
219,Flame Burst
219,Ember
219,Flare Blitz
228,Fire Punch
228,Burn Up
228,Burning Jealousy
228,Flame Burst
229,Flame Burst
229,Fusion Flare
229,Burning Jealousy
229,Fire Punch
240,Flame Wheel
240,Fiery Dance
240,Fire Spin
240,Blue Flare
244,Ember
244,Blue Flare
244,Fusion Flare
244,Fire Pledge
250,Fiery Dance
250,Flare Blitz
250,Fire Spin
250,Flamethrower
255,Fire Lash
255,Ember
255,Flame Burst
255,Fire Punch
256,Fiery Dance
256,Flame Charge
256,Fire Lash
256,Burning Jealousy
257,Eruption
257,Fiery Dance
257,Fire Spin
257,Fire Pledge
322,Flare Blitz
322,Flame Wheel
322,Fire Blast
322,Eruption
323,Fire Spin
323,Burning Jealousy
323,Fire Pledge
323,Fire Punch
324,Fire Lash
324,Fiery Dance
324,Fusion Flare
324,Flamethrower
390,Fire Pledge
390,Fire Spin
390,Fire Punch
390,Fiery Dance
391,Eruption
391,Fire Lash
391,Fire Spin
391,Ember
392,Flare Blitz
392,Fire Pledge
392,Fire Punch
392,Burn Up
467,Fire Punch
467,Flame Wheel
467,Fire Spin
467,Eruption
485,Fire Fang
485,Flame Charge
485,Fusion Flare
485,Flame Burst
494,Fusion Flare
494,Fire Fang
494,Flamethrower
494,Fire Punch
498,Fire Spin
498,Flame Charge
498,Burning Jealousy
498,Flamethrower
499,Fire Blast
499,Burning Jealousy
499,Fire Pledge
499,Flame Charge
500,Fire Pledge
500,Flame Charge
500,Fiery Dance
500,Burn Up
513,Fire Spin
513,Burning Jealousy
513,Fusion Flare
513,Flame Charge
514,Flame Charge
514,Eruption
514,Fire Lash
514,Flare Blitz
554,Fiery Dance
554,Fire Pledge
554,Fire Blast
554,Flamethrower
555,Fire Punch
555,Burning Jealousy
555,Fire Pledge
555,Fiery Dance
607,Fiery Dance
607,Flame Wheel
607,Fire Punch
607,Ember
608,Flare Blitz
608,Fire Fang
608,Flame Charge
608,Burn Up
609,Burn Up
609,Fire Spin
609,Flamethrower
609,Fiery Dance
631,Flamethrower
631,Fire Spin
631,Ember
631,Fire Blast
636,Flame Wheel
636,Flare Blitz
636,Blue Flare
636,Flame Charge
637,Flare Blitz
637,Fusion Flare
637,Fire Blast
637,Fire Spin
643,Flame Burst
643,Fire Spin
643,Fire Blast
643,Fiery Dance
653,Fusion Flare
653,Flare Blitz
653,Flame Charge
653,Burning Jealousy
654,Fiery Dance
654,Burn Up
654,Eruption
654,Flame Charge
655,Flamethrower
655,Burn Up
655,Fiery Dance
655,Blue Flare
662,Ember
662,Blue Flare
662,Fire Lash
662,Eruption
663,Flame Charge
663,Fire Fang
663,Fire Blast
663,Burn Up
667,Flame Wheel
667,Eruption
667,Burn Up
667,Flame Burst
668,Eruption
668,Flamethrower
668,Fiery Dance
668,Fire Spin
721,Fire Lash
721,Eruption
721,Fusion Flare
721,Fire Fang
725,Burning Jealousy
725,Fire Punch
725,Fire Lash
725,Flame Wheel
726,Fire Blast
726,Flame Charge
726,Burning Jealousy
726,Fire Pledge
727,Fire Punch
727,Fiery Dance
727,Blue Flare
727,Flare Blitz
741,Burning Jealousy
741,Fire Spin
741,Fire Pledge
741,Fire Blast
757,Fiery Dance
757,Fire Blast
757,Flamethrower
757,Eruption
758,Blue Flare
758,Fire Fang
758,Flare Blitz
758,Flamethrower
776,Eruption
776,Flamethrower
776,Flare Blitz
776,Fire Fang
806,Eruption
806,Fire Spin
806,Ember
806,Burning Jealousy
813,Fire Pledge
813,Flare Blitz
813,Fiery Dance
813,Flame Wheel
814,Flame Charge
814,Fire Punch
814,Eruption
814,Flare Blitz
815,Eruption
815,Burn Up
815,Flame Burst
815,Flare Blitz
838,Flamethrower
838,Eruption
838,Flare Blitz
838,Fire Pledge
839,Flare Blitz
839,Burn Up
839,Burning Jealousy
839,Blue Flare
850,Fire Fang
850,Fire Punch
850,Fire Blast
850,Fiery Dance
851,Flare Blitz
851,Flamethrower
851,Flame Charge
851,Fire Blast
56,Flying Press
56,Force Palm
56,Circle Throw
56,Aura Sphere
57,Focus Punch
57,Detect
57,Close Combat
57,Drain Punch
62,Brick Break
62,Coaching
62,Focus Blast
62,Circle Throw
66,All-Out Pummeling
66,Dynamic Punch
66,Focus Punch
66,Flying Press
67,Body Press
67,Arm Thrust
67,Double Kick
67,Detect
68,Focus Punch
68,Flying Press
68,Force Palm
68,Dynamic Punch
106,Focus Blast
106,Aura Sphere
106,Close Combat
106,Body Press
107,Aura Sphere
107,Detect
107,Cross Chop
107,Drain Punch
214,Counter
214,All-Out Pummeling
214,Detect
214,Cross Chop
236,Body Press
236,Drain Punch
236,Force Palm
236,Dynamic Punch
237,Close Combat
237,Coaching
237,All-Out Pummeling
237,Aura Sphere
256,Final Gambit
256,Dynamic Punch
256,Body Press
256,Close Combat
257,Focus Blast
257,Body Press
257,Arm Thrust
257,Detect
286,Flying Press
286,Dynamic Punch
286,Drain Punch
286,Brick Break
296,Counter
296,Drain Punch
296,Bulk Up
296,Close Combat
297,Detect
297,All-Out Pummeling
297,Close Combat
297,Dynamic Punch
307,Coaching
307,Cross Chop
307,Focus Blast
307,Circle Throw
308,Flying Press
308,Coaching
308,Drain Punch
308,Bulk Up
391,All-Out Pummeling
391,Body Press
391,Dynamic Punch
391,Double Kick
392,Counter
392,Brick Break
392,Circle Throw
392,Cross Chop
447,Counter
447,Bulk Up
447,Focus Punch
447,Dynamic Punch
448,Bulk Up
448,Dynamic Punch
448,All-Out Pummeling
448,Circle Throw
453,Detect
453,Cross Chop
453,Bulk Up
453,Dynamic Punch
454,Focus Blast
454,Flying Press
454,Arm Thrust
454,Circle Throw
475,Arm Thrust
475,Close Combat
475,Circle Throw
475,Double Kick
499,Aura Sphere
499,Coaching
499,Circle Throw
499,Drain Punch
500,Force Palm
500,Brick Break
500,Arm Thrust
500,Counter
532,Coaching
532,Body Press
532,Focus Punch
532,Brick Break
533,Bulk Up
533,Flying Press
533,Final Gambit
533,Coaching
534,Arm Thrust
534,Body Press
534,Close Combat
534,Focus Punch
538,Focus Punch
538,Force Palm
538,Final Gambit
538,Coaching
539,Aura Sphere
539,Focus Blast
539,Focus Punch
539,Force Palm
559,Force Palm
559,Cross Chop
559,Flying Press
559,Counter
560,Detect
560,Double Kick
560,Coaching
560,Close Combat
619,Double Kick
619,Circle Throw
619,Body Press
619,All-Out Pummeling
620,Focus Punch
620,Flying Press
620,Bulk Up
620,Force Palm
638,Focus Blast
638,All-Out Pummeling
638,Focus Punch
638,Cross Chop
639,Body Press
639,Double Kick
639,Drain Punch
639,Focus Blast
640,Brick Break
640,Final Gambit
640,Drain Punch
640,Focus Punch
647,Drain Punch
647,Double Kick
647,Final Gambit
647,Flying Press
652,Final Gambit
652,Brick Break
652,Detect
652,Bulk Up
674,Bulk Up
674,Brick Break
674,Close Combat
674,Aura Sphere
675,All-Out Pummeling
675,Focus Blast
675,Detect
675,Close Combat
701,Force Palm
701,Focus Punch
701,Dynamic Punch
701,Cross Chop
739,Drain Punch
739,Brick Break
739,Flying Press
739,Circle Throw
740,Body Press
740,Focus Blast
740,All-Out Pummeling
740,Bulk Up
759,Brick Break
759,Focus Blast
759,Coaching
759,Circle Throw
760,Cross Chop
760,Focus Punch
760,Counter
760,Focus Blast
766,Dynamic Punch
766,Bulk Up
766,Focus Blast
766,Close Combat
783,Brick Break
783,Aura Sphere
783,Force Palm
783,Final Gambit
784,Counter
784,Detect
784,Force Palm
784,Body Press
794,Bulk Up
794,Detect
794,Focus Blast
794,Coaching
795,Detect
795,Dynamic Punch
795,Arm Thrust
795,All-Out Pummeling
802,Detect
802,Arm Thrust
802,Brick Break
802,Counter
852,All-Out Pummeling
852,Focus Blast
852,Drain Punch
852,Aura Sphere
853,Counter
853,Arm Thrust
853,Drain Punch
853,Focus Punch
865,Flying Press
865,Close Combat
865,Arm Thrust
865,Aura Sphere
870,Dynamic Punch
870,Coaching
870,Focus Blast
870,Final Gambit
889,Coaching
889,Detect
889,All-Out Pummeling
889,Flying Press
891,Focus Punch
891,Circle Throw
891,Body Press
891,Counter
892,Drain Punch
892,Final Gambit
892,Cross Chop
892,Double Kick
7,Bouncy Bubble
7,Fishious Rend
7,Bubble Beam
7,Brine
8,Bubble Beam
8,Dive
8,Aqua Tail
8,Flip Turn
9,Bouncy Bubble
9,Dive
9,Aqua Tail
9,Fishious Rend
54,Clamp
54,Bubble Beam
54,Aqua Tail
54,Aqua Ring
55,Flip Turn
55,Clamp
55,Dive
55,Aqua Tail
60,Dive
60,Crabhammer
60,Brine
60,Bouncy Bubble
61,Crabhammer
61,Bubble Beam
61,Dive
61,Flip Turn
62,Bubble
62,Aqua Tail
62,Bubble Beam
62,Brine
72,Brine
72,Bubble
72,Bubble Beam
72,Clamp
73,Flip Turn
73,Crabhammer
73,Bouncy Bubble
73,Aqua Jet
79,Flip Turn
79,Bubble
79,Bubble Beam
79,Clamp
80,Bouncy Bubble
80,Crabhammer
80,Fishious Rend
80,Bubble
86,Bubble Beam
86,Bubble
86,Brine
86,Aqua Jet
87,Bubble Beam
87,Flip Turn
87,Bubble
87,Dive
90,Aqua Ring
90,Aqua Tail
90,Bouncy Bubble
90,Flip Turn
91,Crabhammer
91,Bubble
91,Dive
91,Aqua Tail
98,Dive
98,Aqua Ring
98,Flip Turn
98,Bubble Beam
99,Brine
99,Bouncy Bubble
99,Aqua Jet
99,Crabhammer
116,Brine
116,Bubble Beam
116,Crabhammer
116,Fishious Rend
117,Dive
117,Flip Turn
117,Aqua Ring
117,Clamp
118,Bouncy Bubble
118,Aqua Jet
118,Bubble Beam
118,Dive
119,Crabhammer
119,Aqua Tail
119,Flip Turn
119,Bubble Beam
120,Bouncy Bubble
120,Bubble
120,Clamp
120,Dive
121,Bouncy Bubble
121,Flip Turn
121,Dive
121,Brine
129,Dive
129,Aqua Tail
129,Clamp
129,Brine
130,Dive
130,Fishious Rend
130,Bouncy Bubble
130,Flip Turn
131,Bouncy Bubble
131,Clamp
131,Bubble
131,Dive
134,Flip Turn
134,Aqua Jet
134,Clamp
134,Fishious Rend
138,Flip Turn
138,Bubble
138,Clamp
138,Brine
139,Aqua Jet
139,Aqua Tail
139,Bubble Beam
139,Brine
140,Bouncy Bubble
140,Flip Turn
140,Bubble Beam
140,Aqua Jet
141,Fishious Rend
141,Bubble Beam
141,Flip Turn
141,Aqua Tail
158,Clamp
158,Brine
158,Fishious Rend
158,Aqua Ring
159,Bouncy Bubble
159,Bubble Beam
159,Bubble
159,Dive
160,Aqua Ring
160,Bouncy Bubble
160,Flip Turn
160,Fishious Rend
170,Clamp
170,Crabhammer
170,Brine
170,Fishious Rend
171,Bubble Beam
171,Clamp
171,Aqua Ring
171,Dive
183,Aqua Ring
183,Bouncy Bubble
183,Flip Turn
183,Aqua Jet
184,Bubble Beam
184,Fishious Rend
184,Aqua Tail
184,Crabhammer
186,Bubble Beam
186,Fishious Rend
186,Aqua Tail
186,Bubble
194,Aqua Jet
194,Aqua Tail
194,Bouncy Bubble
194,Dive
195,Brine
195,Aqua Jet
195,Bubble Beam
195,Crabhammer
199,Aqua Ring
199,Fishious Rend
199,Bouncy Bubble
199,Aqua Tail
211,Bouncy Bubble
211,Dive
211,Crabhammer
211,Aqua Tail
222,Dive
222,Aqua Jet
222,Clamp
222,Bouncy Bubble
223,Bouncy Bubble
223,Clamp
223,Crabhammer
223,Aqua Tail
224,Clamp
224,Bouncy Bubble
224,Fishious Rend
224,Bubble
226,Crabhammer
226,Bubble
226,Brine
226,Aqua Ring
230,Bouncy Bubble
230,Fishious Rend
230,Aqua Jet
230,Dive
245,Bouncy Bubble
245,Clamp
245,Bubble
245,Fishious Rend
258,Flip Turn
258,Bubble
258,Fishious Rend
258,Aqua Jet
259,Flip Turn
259,Fishious Rend
259,Clamp
259,Dive
260,Flip Turn
260,Bubble Beam
260,Aqua Tail
260,Aqua Jet
270,Bubble
270,Flip Turn
270,Fishious Rend
270,Aqua Tail
271,Flip Turn
271,Brine
271,Clamp
271,Dive
272,Crabhammer
272,Fishious Rend
272,Bubble
272,Aqua Ring
278,Clamp
278,Bouncy Bubble
278,Aqua Jet
278,Aqua Ring
279,Aqua Tail
279,Aqua Ring
279,Bouncy Bubble
279,Flip Turn
283,Bubble Beam
283,Crabhammer
283,Aqua Jet
283,Bubble
318,Bubble Beam
318,Flip Turn
318,Clamp
318,Dive
319,Bouncy Bubble
319,Aqua Tail
319,Dive
319,Bubble
320,Bubble
320,Aqua Jet
320,Clamp
320,Bouncy Bubble
321,Dive
321,Fishious Rend
321,Bouncy Bubble
321,Aqua Jet
339,Aqua Jet
339,Aqua Tail
339,Bubble Beam
339,Dive
340,Dive
340,Aqua Ring
340,Aqua Jet
340,Flip Turn
341,Clamp
341,Fishious Rend
341,Bouncy Bubble
341,Flip Turn
342,Bubble Beam
342,Bouncy Bubble
342,Dive
342,Bubble
349,Bubble
349,Dive
349,Fishious Rend
349,Aqua Jet
350,Bubble
350,Bouncy Bubble
350,Fishious Rend
350,Brine
363,Bubble
363,Dive
363,Clamp
363,Aqua Tail
364,Flip Turn
364,Bubble Beam
364,Fishious Rend
364,Crabhammer
365,Aqua Ring
365,Flip Turn
365,Aqua Jet
365,Dive
366,Dive
366,Brine
366,Bubble
366,Bouncy Bubble
367,Bubble Beam
367,Bubble
367,Clamp
367,Fishious Rend
368,Bubble
368,Bouncy Bubble
368,Fishious Rend
368,Bubble Beam
369,Flip Turn
369,Aqua Tail
369,Aqua Ring
369,Aqua Jet
370,Dive
370,Flip Turn
370,Bubble
370,Bubble Beam
382,Aqua Jet
382,Flip Turn
382,Bouncy Bubble
382,Clamp
393,Bouncy Bubble
393,Aqua Ring
393,Crabhammer
393,Aqua Jet
394,Bubble Beam
394,Crabhammer
394,Flip Turn
394,Aqua Jet
395,Brine
395,Bubble
395,Crabhammer
395,Aqua Ring
400,Clamp
400,Brine
400,Bouncy Bubble
400,Bubble Beam
418,Crabhammer
418,Clamp
418,Dive
418,Flip Turn
419,Bouncy Bubble
419,Aqua Jet
419,Aqua Ring
419,Fishious Rend
422,Aqua Tail
422,Bubble Beam
422,Fishious Rend
422,Aqua Jet
423,Dive
423,Bubble
423,Fishious Rend
423,Aqua Tail
456,Aqua Jet
456,Bubble Beam
456,Dive
456,Flip Turn
457,Brine
457,Dive
457,Aqua Jet
457,Bubble Beam
458,Aqua Jet
458,Fishious Rend
458,Aqua Ring
458,Crabhammer
484,Brine
484,Flip Turn
484,Aqua Tail
484,Bubble
489,Bouncy Bubble
489,Dive
489,Bubble Beam
489,Flip Turn
490,Flip Turn
490,Bubble Beam
490,Fishious Rend
490,Crabhammer
501,Crabhammer
501,Fishious Rend
501,Bouncy Bubble
501,Dive
502,Flip Turn
502,Bubble Beam
502,Brine
502,Bubble
503,Flip Turn
503,Fishious Rend
503,Crabhammer
503,Brine
515,Bubble
515,Bubble Beam
515,Aqua Ring
515,Clamp
516,Aqua Tail
516,Bubble Beam
516,Clamp
516,Flip Turn
535,Crabhammer
535,Aqua Jet
535,Aqua Tail
535,Brine
536,Dive
536,Aqua Jet
536,Aqua Ring
536,Aqua Tail
537,Crabhammer
537,Bubble
537,Fishious Rend
537,Brine
564,Crabhammer
564,Flip Turn
564,Clamp
564,Fishious Rend
565,Bubble Beam
565,Dive
565,Aqua Tail
565,Bouncy Bubble
580,Aqua Jet
580,Crabhammer
580,Bouncy Bubble
580,Aqua Ring
581,Aqua Jet
581,Aqua Tail
581,Crabhammer
581,Bouncy Bubble
592,Aqua Tail
592,Bouncy Bubble
592,Flip Turn
592,Fishious Rend
593,Bubble Beam
593,Clamp
593,Crabhammer
593,Flip Turn
594,Brine
594,Clamp
594,Aqua Tail
594,Bubble
647,Aqua Ring
647,Bouncy Bubble
647,Fishious Rend
647,Bubble Beam
656,Fishious Rend
656,Dive
656,Bubble
656,Bouncy Bubble
657,Aqua Ring
657,Dive
657,Bubble
657,Crabhammer
658,Bubble
658,Fishious Rend
658,Bouncy Bubble
658,Brine
688,Fishious Rend
688,Flip Turn
688,Bubble Beam
688,Bubble
689,Bouncy Bubble
689,Clamp
689,Bubble Beam
689,Aqua Tail
690,Brine
690,Aqua Jet
690,Crabhammer
690,Dive
692,Bouncy Bubble
692,Bubble Beam
692,Dive
692,Aqua Tail
693,Aqua Ring
693,Dive
693,Bubble
693,Aqua Tail
721,Crabhammer
721,Aqua Tail
721,Clamp
721,Aqua Ring
728,Flip Turn
728,Clamp
728,Bubble
728,Bouncy Bubble
729,Bouncy Bubble
729,Fishious Rend
729,Clamp
729,Flip Turn
730,Crabhammer
730,Aqua Ring
730,Bouncy Bubble
730,Flip Turn
746,Fishious Rend
746,Clamp
746,Brine
746,Bubble Beam
747,Fishious Rend
747,Bouncy Bubble
747,Clamp
747,Bubble
748,Dive
748,Aqua Tail
748,Fishious Rend
748,Flip Turn
751,Dive
751,Clamp
751,Brine
751,Bubble
752,Brine
752,Aqua Jet
752,Bubble
752,Bouncy Bubble
767,Fishious Rend
767,Dive
767,Clamp
767,Bouncy Bubble
768,Bubble
768,Flip Turn
768,Aqua Ring
768,Clamp
771,Crabhammer
771,Bubble Beam
771,Brine
771,Flip Turn
779,Aqua Ring
779,Aqua Jet
779,Fishious Rend
779,Dive
788,Fishious Rend
788,Bubble
788,Clamp
788,Aqua Tail
816,Fishious Rend
816,Clamp
816,Bouncy Bubble
816,Dive
817,Dive
817,Aqua Tail
817,Crabhammer
817,Aqua Jet
818,Bubble
818,Aqua Ring
818,Aqua Tail
818,Flip Turn
833,Bubble
833,Aqua Tail
833,Dive
833,Bubble Beam
834,Crabhammer
834,Clamp
834,Bubble
834,Aqua Jet
845,Crabhammer
845,Aqua Tail
845,Bubble
845,Aqua Ring
846,Bubble
846,Crabhammer
846,Bubble Beam
846,Aqua Ring
847,Aqua Ring
847,Bubble Beam
847,Brine
847,Clamp
882,Fishious Rend
882,Bubble
882,Flip Turn
882,Bouncy Bubble
883,Bubble
883,Aqua Ring
883,Aqua Jet
883,Fishious Rend
6,Drill Peck
6,Brave Bird
6,Fly
6,Acrobatics
12,Air Slash
12,Aeroblast
12,Bounce
12,Floaty Fall
16,Dragon Ascent
16,Aerial Ace
16,Bounce
16,Fly
17,Aerial Ace
17,Air Cutter
17,Drill Peck
17,Floaty Fall
18,Aeroblast
18,Drill Peck
18,Air Cutter
18,Aerial Ace
21,Chatter
21,Air Slash
21,Fly
21,Bounce
22,Aeroblast
22,Chatter
22,Air Slash
22,Acrobatics
41,Dual Wingbeat
41,Chatter
41,Feather Dance
41,Defog
42,Air Cutter
42,Defog
42,Dual Wingbeat
42,Bounce
83,Drill Peck
83,Fly
83,Beak Blast
83,Air Slash
84,Brave Bird
84,Aeroblast
84,Bounce
84,Defog
85,Air Cutter
85,Beak Blast
85,Brave Bird
85,Aeroblast
123,Air Cutter
123,Dual Wingbeat
123,Floaty Fall
123,Fly
130,Feather Dance
130,Defog
130,Fly
130,Aeroblast
142,Bounce
142,Acrobatics
142,Chatter
142,Fly
144,Chatter
144,Aerial Ace
144,Air Slash
144,Defog
145,Fly
145,Floaty Fall
145,Defog
145,Beak Blast
146,Aerial Ace
146,Bounce
146,Chatter
146,Floaty Fall
149,Aeroblast
149,Defog
149,Aerial Ace
149,Dragon Ascent
163,Air Cutter
163,Beak Blast
163,Bounce
163,Aeroblast
164,Chatter
164,Beak Blast
164,Dual Wingbeat
164,Air Cutter
165,Dragon Ascent
165,Feather Dance
165,Air Cutter
165,Drill Peck
166,Aerial Ace
166,Bounce
166,Aeroblast
166,Brave Bird
169,Air Slash
169,Dragon Ascent
169,Drill Peck
169,Chatter
176,Dual Wingbeat
176,Fly
176,Acrobatics
176,Feather Dance
177,Beak Blast
177,Aerial Ace
177,Air Slash
177,Brave Bird
178,Brave Bird
178,Bounce
178,Dragon Ascent
178,Fly
187,Dual Wingbeat
187,Brave Bird
187,Defog
187,Air Cutter
188,Floaty Fall
188,Acrobatics
188,Fly
188,Beak Blast
189,Bounce
189,Air Slash
189,Aerial Ace
189,Air Cutter
193,Defog
193,Chatter
193,Acrobatics
193,Dual Wingbeat
198,Brave Bird
198,Feather Dance
198,Fly
198,Drill Peck
207,Air Cutter
207,Air Slash
207,Bounce
207,Beak Blast
225,Fly
225,Air Slash
225,Aerial Ace
225,Brave Bird
226,Aeroblast
226,Floaty Fall
226,Fly
226,Drill Peck
227,Acrobatics
227,Chatter
227,Floaty Fall
227,Aeroblast
249,Acrobatics
249,Brave Bird
249,Air Slash
249,Dual Wingbeat
250,Acrobatics
250,Dragon Ascent
250,Feather Dance
250,Brave Bird
267,Aerial Ace
267,Aeroblast
267,Air Slash
267,Acrobatics
276,Aeroblast
276,Dual Wingbeat
276,Beak Blast
276,Feather Dance
277,Dual Wingbeat
277,Aerial Ace
277,Brave Bird
277,Floaty Fall
278,Defog
278,Drill Peck
278,Beak Blast
278,Aerial Ace
279,Chatter
279,Drill Peck
279,Feather Dance
279,Aerial Ace
284,Beak Blast
284,Floaty Fall
284,Drill Peck
284,Aerial Ace
291,Acrobatics
291,Defog
291,Aeroblast
291,Dragon Ascent
333,Dragon Ascent
333,Defog
333,Aerial Ace
333,Air Cutter
334,Floaty Fall
334,Air Slash
334,Aeroblast
334,Aerial Ace
357,Beak Blast
357,Air Cutter
357,Aeroblast
357,Dual Wingbeat
373,Drill Peck
373,Dragon Ascent
373,Feather Dance
373,Acrobatics
384,Dragon Ascent
384,Air Slash
384,Aerial Ace
384,Air Cutter
396,Air Cutter
396,Feather Dance
396,Air Slash
396,Acrobatics
397,Chatter
397,Floaty Fall
397,Beak Blast
397,Aeroblast
398,Acrobatics
398,Feather Dance
398,Dual Wingbeat
398,Air Cutter
414,Drill Peck
414,Brave Bird
414,Aeroblast
414,Acrobatics
415,Air Cutter
415,Bounce
415,Aerial Ace
415,Defog
416,Brave Bird
416,Aeroblast
416,Floaty Fall
416,Air Cutter
425,Air Cutter
425,Brave Bird
425,Dragon Ascent
425,Bounce
426,Bounce
426,Dragon Ascent
426,Air Cutter
426,Floaty Fall
430,Fly
430,Bounce
430,Dragon Ascent
430,Feather Dance
441,Feather Dance
441,Brave Bird
441,Beak Blast
441,Dragon Ascent
458,Chatter
458,Air Slash
458,Dual Wingbeat
458,Drill Peck
468,Aerial Ace
468,Dragon Ascent
468,Floaty Fall
468,Fly
469,Aerial Ace
469,Beak Blast
469,Bounce
469,Feather Dance
472,Chatter
472,Beak Blast
472,Bounce
472,Air Slash
519,Air Cutter
519,Aeroblast
519,Feather Dance
519,Air Slash
520,Air Slash
520,Dual Wingbeat
520,Air Cutter
520,Aeroblast
521,Air Slash
521,Acrobatics
521,Bounce
521,Drill Peck
527,Fly
527,Dual Wingbeat
527,Bounce
527,Drill Peck
528,Aerial Ace
528,Drill Peck
528,Bounce
528,Dragon Ascent
561,Aerial Ace
561,Drill Peck
561,Aeroblast
561,Defog
566,Air Slash
566,Brave Bird
566,Chatter
566,Acrobatics
567,Acrobatics
567,Defog
567,Brave Bird
567,Floaty Fall
580,Aeroblast
580,Beak Blast
580,Drill Peck
580,Dual Wingbeat
581,Feather Dance
581,Aerial Ace
581,Beak Blast
581,Bounce
587,Bounce
587,Dragon Ascent
587,Brave Bird
587,Aeroblast
627,Air Slash
627,Air Cutter
627,Fly
627,Beak Blast
628,Air Cutter
628,Fly
628,Drill Peck
628,Chatter
629,Beak Blast
629,Defog
629,Aeroblast
629,Dual Wingbeat
630,Chatter
630,Air Cutter
630,Acrobatics
630,Dragon Ascent
641,Dragon Ascent
641,Air Cutter
641,Aeroblast
641,Floaty Fall
642,Air Slash
642,Floaty Fall
642,Acrobatics
642,Brave Bird
645,Drill Peck
645,Chatter
645,Dual Wingbeat
645,Air Slash
661,Aeroblast
661,Drill Peck
661,Dragon Ascent
661,Aerial Ace
662,Drill Peck
662,Chatter
662,Bounce
662,Air Slash
663,Dragon Ascent
663,Air Slash
663,Bounce
663,Beak Blast
666,Aeroblast
666,Acrobatics
666,Air Slash
666,Brave Bird
701,Feather Dance
701,Bounce
701,Dual Wingbeat
701,Brave Bird
714,Aeroblast
714,Bounce
714,Dragon Ascent
714,Fly
715,Chatter
715,Air Cutter
715,Aeroblast
715,Drill Peck
717,Air Cutter
717,Defog
717,Dragon Ascent
717,Dual Wingbeat
722,Floaty Fall
722,Dual Wingbeat
722,Fly
722,Air Slash
723,Aerial Ace
723,Chatter
723,Floaty Fall
723,Acrobatics
731,Fly
731,Feather Dance
731,Beak Blast
731,Dual Wingbeat
732,Air Slash
732,Aeroblast
732,Defog
732,Acrobatics
733,Brave Bird
733,Chatter
733,Dual Wingbeat
733,Floaty Fall
741,Aeroblast
741,Dual Wingbeat
741,Air Slash
741,Acrobatics
774,Drill Peck
774,Brave Bird
774,Aerial Ace
774,Chatter
797,Bounce
797,Air Cutter
797,Drill Peck
797,Beak Blast
821,Acrobatics
821,Bounce
821,Brave Bird
821,Air Cutter
822,Bounce
822,Dragon Ascent
822,Floaty Fall
822,Beak Blast
823,Feather Dance
823,Drill Peck
823,Chatter
823,Defog
845,Chatter
845,Dual Wingbeat
845,Defog
845,Fly
1,Aromatherapy
1,Energy Ball
1,Frenzy Plant
1,Branch Poke
2,Bloom Doom
2,Branch Poke
2,Energy Ball
2,Cotton Spore
3,Absorb
3,Energy Ball
3,Drum Beating
3,Bloom Doom
43,Aromatherapy
43,Cotton Guard
43,Bloom Doom
43,Apple Acid
44,Apple Acid
44,Forest's Curse
44,Aromatherapy
44,Branch Poke
45,Absorb
45,Energy Ball
45,Drum Beating
45,Aromatherapy
46,Frenzy Plant
46,Absorb
46,Cotton Guard
46,Branch Poke
47,Bloom Doom
47,Apple Acid
47,Cotton Spore
47,Energy Ball
69,Aromatherapy
69,Cotton Guard
69,Cotton Spore
69,Bullet Seed
70,Cotton Guard
70,Forest's Curse
70,Energy Ball
70,Apple Acid
71,Aromatherapy
71,Branch Poke
71,Forest's Curse
71,Energy Ball
102,Absorb
102,Frenzy Plant
102,Branch Poke
102,Drum Beating
103,Forest's Curse
103,Bullet Seed
103,Apple Acid
103,Drum Beating
114,Apple Acid
114,Aromatherapy
114,Drum Beating
114,Bullet Seed
152,Cotton Spore
152,Forest's Curse
152,Bullet Seed
152,Cotton Guard
153,Apple Acid
153,Bloom Doom
153,Cotton Spore
153,Bullet Seed
154,Apple Acid
154,Bloom Doom
154,Bullet Seed
154,Absorb
182,Drum Beating
182,Bullet Seed
182,Branch Poke
182,Energy Ball
187,Apple Acid
187,Branch Poke
187,Cotton Spore
187,Bullet Seed
188,Energy Ball
188,Cotton Spore
188,Aromatherapy
188,Cotton Guard
189,Absorb
189,Cotton Guard
189,Branch Poke
189,Bullet Seed
191,Aromatherapy
191,Cotton Guard
191,Bullet Seed
191,Cotton Spore
192,Branch Poke
192,Aromatherapy
192,Energy Ball
192,Cotton Guard
251,Aromatherapy
251,Bloom Doom
251,Absorb
251,Apple Acid
252,Apple Acid
252,Bloom Doom
252,Frenzy Plant
252,Aromatherapy
253,Aromatherapy
253,Frenzy Plant
253,Bloom Doom
253,Absorb
254,Energy Ball
254,Bullet Seed
254,Forest's Curse
254,Cotton Guard
270,Aromatherapy
270,Energy Ball
270,Bloom Doom
270,Drum Beating
271,Cotton Guard
271,Drum Beating
271,Branch Poke
271,Cotton Spore
272,Absorb
272,Drum Beating
272,Bloom Doom
272,Energy Ball
273,Cotton Guard
273,Aromatherapy
273,Branch Poke
273,Drum Beating
274,Absorb
274,Forest's Curse
274,Bloom Doom
274,Branch Poke
275,Drum Beating
275,Apple Acid
275,Absorb
275,Bullet Seed
285,Aromatherapy
285,Cotton Spore
285,Energy Ball
285,Bloom Doom
286,Drum Beating
286,Absorb
286,Cotton Spore
286,Cotton Guard
315,Bullet Seed
315,Apple Acid
315,Branch Poke
315,Frenzy Plant
331,Cotton Spore
331,Drum Beating
331,Bullet Seed
331,Energy Ball
332,Cotton Guard
332,Frenzy Plant
332,Forest's Curse
332,Bullet Seed
345,Cotton Spore
345,Bullet Seed
345,Aromatherapy
345,Absorb
346,Absorb
346,Cotton Spore
346,Bloom Doom
346,Aromatherapy
357,Cotton Spore
357,Cotton Guard
357,Forest's Curse
357,Frenzy Plant
387,Absorb
387,Energy Ball
387,Cotton Spore
387,Aromatherapy
388,Apple Acid
388,Cotton Spore
388,Forest's Curse
388,Energy Ball
389,Cotton Spore
389,Bloom Doom
389,Energy Ball
389,Aromatherapy
406,Cotton Spore
406,Apple Acid
406,Aromatherapy
406,Bullet Seed
407,Aromatherapy
407,Apple Acid
407,Drum Beating
407,Absorb
413,Cotton Spore
413,Forest's Curse
413,Bullet Seed
413,Absorb
420,Drum Beating
420,Branch Poke
420,Forest's Curse
420,Absorb
421,Apple Acid
421,Absorb
421,Aromatherapy
421,Branch Poke
455,Cotton Guard
455,Forest's Curse
455,Bullet Seed
455,Energy Ball
459,Drum Beating
459,Forest's Curse
459,Branch Poke
459,Apple Acid
460,Cotton Guard
460,Bullet Seed
460,Drum Beating
460,Apple Acid
465,Cotton Spore
465,Aromatherapy
465,Cotton Guard
465,Apple Acid
470,Cotton Spore
470,Apple Acid
470,Cotton Guard
470,Frenzy Plant
492,Apple Acid
492,Aromatherapy
492,Energy Ball
492,Bullet Seed
495,Absorb
495,Forest's Curse
495,Apple Acid
495,Aromatherapy
496,Frenzy Plant
496,Bullet Seed
496,Drum Beating
496,Cotton Guard
497,Cotton Spore
497,Apple Acid
497,Energy Ball
497,Absorb
511,Apple Acid
511,Absorb
511,Forest's Curse
511,Cotton Guard
512,Apple Acid
512,Bullet Seed
512,Frenzy Plant
512,Branch Poke
540,Apple Acid
540,Energy Ball
540,Aromatherapy
540,Cotton Spore
541,Cotton Spore
541,Drum Beating
541,Apple Acid
541,Bullet Seed
542,Branch Poke
542,Cotton Spore
542,Apple Acid
542,Cotton Guard
546,Frenzy Plant
546,Energy Ball
546,Aromatherapy
546,Drum Beating
547,Energy Ball
547,Cotton Guard
547,Bloom Doom
547,Branch Poke
548,Bloom Doom
548,Cotton Spore
548,Drum Beating
548,Cotton Guard
549,Cotton Spore
549,Energy Ball
549,Bullet Seed
549,Aromatherapy
556,Cotton Spore
556,Absorb
556,Bloom Doom
556,Energy Ball
585,Cotton Spore
585,Forest's Curse
585,Drum Beating
585,Aromatherapy
586,Branch Poke
586,Absorb
586,Frenzy Plant
586,Apple Acid
590,Cotton Guard
590,Energy Ball
590,Apple Acid
590,Absorb
591,Cotton Spore
591,Aromatherapy
591,Energy Ball
591,Apple Acid
597,Cotton Spore
597,Cotton Guard
597,Bullet Seed
597,Drum Beating
598,Forest's Curse
598,Cotton Spore
598,Branch Poke
598,Absorb
640,Branch Poke
640,Energy Ball
640,Apple Acid
640,Cotton Spore
650,Branch Poke
650,Apple Acid
650,Absorb
650,Forest's Curse
651,Energy Ball
651,Aromatherapy
651,Bloom Doom
651,Forest's Curse
652,Energy Ball
652,Forest's Curse
652,Absorb
652,Bloom Doom
672,Aromatherapy
672,Bullet Seed
672,Absorb
672,Drum Beating
673,Apple Acid
673,Frenzy Plant
673,Drum Beating
673,Aromatherapy
708,Bullet Seed
708,Drum Beating
708,Bloom Doom
708,Cotton Spore
709,Drum Beating
709,Energy Ball
709,Cotton Guard
709,Apple Acid
710,Branch Poke
710,Absorb
710,Aromatherapy
710,Bullet Seed
711,Aromatherapy
711,Absorb
711,Cotton Guard
711,Frenzy Plant
722,Apple Acid
722,Absorb
722,Drum Beating
722,Forest's Curse
723,Aromatherapy
723,Absorb
723,Cotton Spore
723,Cotton Guard
724,Forest's Curse
724,Energy Ball
724,Bloom Doom
724,Aromatherapy
753,Cotton Spore
753,Frenzy Plant
753,Apple Acid
753,Energy Ball
754,Energy Ball
754,Cotton Guard
754,Absorb
754,Apple Acid
755,Energy Ball
755,Absorb
755,Forest's Curse
755,Aromatherapy
756,Apple Acid
756,Forest's Curse
756,Drum Beating
756,Cotton Guard
761,Forest's Curse
761,Bullet Seed
761,Bloom Doom
761,Frenzy Plant
762,Bullet Seed
762,Branch Poke
762,Drum Beating
762,Frenzy Plant
763,Apple Acid
763,Cotton Guard
763,Cotton Spore
763,Branch Poke
781,Drum Beating
781,Aromatherapy
781,Cotton Spore
781,Cotton Guard
787,Cotton Spore
787,Bullet Seed
787,Bloom Doom
787,Frenzy Plant
798,Frenzy Plant
798,Aromatherapy
798,Bloom Doom
798,Branch Poke
810,Bloom Doom
810,Cotton Guard
810,Frenzy Plant
810,Apple Acid
811,Drum Beating
811,Aromatherapy
811,Cotton Spore
811,Frenzy Plant
812,Energy Ball
812,Cotton Spore
812,Absorb
812,Frenzy Plant
829,Forest's Curse
829,Branch Poke
829,Frenzy Plant
829,Absorb
830,Bullet Seed
830,Frenzy Plant
830,Drum Beating
830,Branch Poke
840,Bullet Seed
840,Cotton Spore
840,Branch Poke
840,Cotton Guard
841,Apple Acid
841,Drum Beating
841,Branch Poke
841,Forest's Curse
842,Forest's Curse
842,Bullet Seed
842,Cotton Guard
842,Frenzy Plant
893,Drum Beating
893,Bullet Seed
893,Bloom Doom
893,Energy Ball
1,Acid Spray
1,Clear Smog
1,Acid
1,Corrosive Gas
2,Acid
2,Corrosive Gas
2,Acid Armor
2,Cross Poison
3,Acid Spray
3,Coil
3,Cross Poison
3,Clear Smog
13,Acid Armor
13,Acid Downpour
13,Corrosive Gas
13,Acid Spray
14,Coil
14,Acid
14,Acid Spray
14,Acid Armor
15,Baneful Bunker
15,Acid Downpour
15,Corrosive Gas
15,Acid
23,Acid Downpour
23,Coil
23,Clear Smog
23,Baneful Bunker
24,Clear Smog
24,Baneful Bunker
24,Acid Spray
24,Acid Armor
29,Acid Armor
29,Clear Smog
29,Coil
29,Baneful Bunker
30,Acid Downpour
30,Corrosive Gas
30,Clear Smog
30,Cross Poison
31,Acid
31,Acid Armor
31,Acid Spray
31,Acid Downpour
32,Acid
32,Corrosive Gas
32,Clear Smog
32,Baneful Bunker
33,Acid Armor
33,Coil
33,Acid Spray
33,Corrosive Gas
34,Cross Poison
34,Acid Downpour
34,Coil
34,Acid Spray
41,Baneful Bunker
41,Acid
41,Clear Smog
41,Cross Poison
42,Cross Poison
42,Clear Smog
42,Baneful Bunker
42,Acid Spray
43,Acid Downpour
43,Acid Spray
43,Baneful Bunker
43,Acid Armor
44,Baneful Bunker
44,Acid Spray
44,Acid Armor
44,Acid Downpour
45,Baneful Bunker
45,Coil
45,Acid
45,Acid Spray
48,Acid Armor
48,Baneful Bunker
48,Acid Spray
48,Cross Poison
49,Clear Smog
49,Acid
49,Acid Downpour
49,Acid Spray
69,Coil
69,Baneful Bunker
69,Corrosive Gas
69,Clear Smog
70,Cross Poison
70,Acid Downpour
70,Baneful Bunker
70,Acid
71,Acid
71,Acid Armor
71,Cross Poison
71,Baneful Bunker
72,Acid
72,Cross Poison
72,Baneful Bunker
72,Corrosive Gas
73,Acid Downpour
73,Clear Smog
73,Cross Poison
73,Coil
88,Clear Smog
88,Acid
88,Acid Downpour
88,Acid Spray
89,Acid Spray
89,Acid
89,Clear Smog
89,Corrosive Gas
92,Baneful Bunker
92,Acid Armor
92,Acid
92,Corrosive Gas
93,Acid
93,Acid Downpour
93,Acid Armor
93,Baneful Bunker
94,Cross Poison
94,Acid
94,Corrosive Gas
94,Baneful Bunker
109,Corrosive Gas
109,Acid Downpour
109,Clear Smog
109,Acid Armor
110,Acid Armor
110,Corrosive Gas
110,Cross Poison
110,Acid Spray
167,Acid Armor
167,Baneful Bunker
167,Acid Spray
167,Corrosive Gas
168,Acid Downpour
168,Acid Armor
168,Coil
168,Acid
169,Acid Spray
169,Coil
169,Clear Smog
169,Acid
211,Acid Armor
211,Acid
211,Coil
211,Baneful Bunker
269,Coil
269,Baneful Bunker
269,Acid Downpour
269,Acid Armor
315,Cross Poison
315,Clear Smog
315,Coil
315,Acid Armor
316,Acid Spray
316,Acid
316,Cross Poison
316,Clear Smog
317,Acid Downpour
317,Acid Spray
317,Baneful Bunker
317,Clear Smog
336,Acid Armor
336,Corrosive Gas
336,Cross Poison
336,Coil
406,Acid Armor
406,Corrosive Gas
406,Clear Smog
406,Cross Poison
407,Acid Spray
407,Baneful Bunker
407,Coil
407,Acid Downpour
434,Coil
434,Clear Smog
434,Acid Armor
434,Acid
435,Acid Armor
435,Acid
435,Baneful Bunker
435,Clear Smog
451,Coil
451,Acid
451,Clear Smog
451,Cross Poison
452,Clear Smog
452,Acid Spray
452,Coil
452,Acid Armor
453,Baneful Bunker
453,Corrosive Gas
453,Acid Armor
453,Acid Spray
454,Clear Smog
454,Cross Poison
454,Acid Armor
454,Acid
543,Acid
543,Clear Smog
543,Acid Downpour
543,Coil
544,Acid Armor
544,Acid Downpour
544,Corrosive Gas
544,Acid Spray
545,Clear Smog
545,Corrosive Gas
545,Coil
545,Acid Spray
568,Acid Armor
568,Baneful Bunker
568,Acid Spray
568,Acid
569,Acid Armor
569,Coil
569,Baneful Bunker
569,Acid Spray
590,Baneful Bunker
590,Acid Downpour
590,Corrosive Gas
590,Acid Spray
591,Acid Downpour
591,Coil
591,Cross Poison
591,Baneful Bunker
690,Coil
690,Acid Spray
690,Clear Smog
690,Cross Poison
691,Corrosive Gas
691,Cross Poison
691,Baneful Bunker
691,Acid Spray
747,Cross Poison
747,Acid
747,Acid Armor
747,Clear Smog
748,Clear Smog
748,Acid Armor
748,Baneful Bunker
748,Acid Downpour
757,Corrosive Gas
757,Coil
757,Acid Downpour
757,Baneful Bunker
758,Acid Downpour
758,Acid
758,Acid Armor
758,Acid Spray
793,Acid Armor
793,Cross Poison
793,Corrosive Gas
793,Acid
803,Coil
803,Acid Spray
803,Corrosive Gas
803,Acid Downpour
804,Clear Smog
804,Acid Downpour
804,Cross Poison
804,Acid Spray
848,Acid Spray
848,Corrosive Gas
848,Baneful Bunker
848,Acid Downpour
849,Acid
849,Coil
849,Clear Smog
849,Baneful Bunker
890,Baneful Bunker
890,Corrosive Gas
890,Cross Poison
890,Coil
25,Buzzy Buzz
25,Charge Beam
25,Catastropika
25,Electrify
26,Electric Terrain
26,Charge
26,Eerie Impulse
26,Bolt Strike
81,Million Volt Thunderbolt
81,Catastropika
81,Discharge
81,Charge Beam
82,Discharge
82,Electrify
82,Charge
82,Electric Terrain
100,Catastropika
100,Charge Beam
100,Discharge
100,Million Volt Thunderbolt
101,Bolt Strike
101,Electro Ball
101,Buzzy Buzz
101,Charge
125,Electroweb
125,Electric Terrain
125,Electro Ball
125,Discharge
135,Electro Ball
135,Million Volt Thunderbolt
135,Discharge
135,Bolt Beak
145,Electrify
145,Million Volt Thunderbolt
145,Fusion Bolt
145,Discharge
170,Discharge
170,Electrify
170,Charge
170,Bolt Beak
171,Charge Beam
171,Aura Wheel
171,Electroweb
171,Bolt Beak
172,Eerie Impulse
172,Electric Terrain
172,Million Volt Thunderbolt
172,Electro Ball
179,Electro Ball
179,Catastropika
179,Electrify
179,Electric Terrain
180,Discharge
180,Bolt Beak
180,Catastropika
180,Electroweb
181,Catastropika
181,Charge Beam
181,Electro Ball
181,Eerie Impulse
239,Million Volt Thunderbolt
239,Fusion Bolt
239,Bolt Beak
239,Charge Beam
243,Aura Wheel
243,Buzzy Buzz
243,Fusion Bolt
243,Eerie Impulse
309,Catastropika
309,Electrify
309,Bolt Strike
309,Electro Ball
310,Bolt Strike
310,Charge
310,Fusion Bolt
310,Eerie Impulse
311,Charge Beam
311,Electroweb
311,Fusion Bolt
311,Bolt Strike
312,Million Volt Thunderbolt
312,Eerie Impulse
312,Charge
312,Aura Wheel
403,Eerie Impulse
403,Discharge
403,Electrify
403,Aura Wheel
404,Charge Beam
404,Eerie Impulse
404,Aura Wheel
404,Electro Ball
405,Fusion Bolt
405,Electro Ball
405,Electrify
405,Million Volt Thunderbolt
417,Electric Terrain
417,Electro Ball
417,Aura Wheel
417,Charge
462,Electrify
462,Electric Terrain
462,Bolt Strike
462,Fusion Bolt
466,Buzzy Buzz
466,Eerie Impulse
466,Bolt Beak
466,Bolt Strike
479,Catastropika
479,Buzzy Buzz
479,Discharge
479,Charge Beam
522,Aura Wheel
522,Catastropika
522,Electro Ball
522,Fusion Bolt
523,Eerie Impulse
523,Charge Beam
523,Aura Wheel
523,Discharge
587,Electroweb
587,Charge
587,Charge Beam
587,Discharge
595,Charge Beam
595,Charge
595,Electro Ball
595,Discharge
596,Charge Beam
596,Electrify
596,Fusion Bolt
596,Buzzy Buzz
602,Fusion Bolt
602,Electrify
602,Bolt Strike
602,Charge Beam
603,Buzzy Buzz
603,Eerie Impulse
603,Charge
603,Catastropika
604,Electrify
604,Discharge
604,Million Volt Thunderbolt
604,Electric Terrain
618,Catastropika
618,Fusion Bolt
618,Charge
618,Million Volt Thunderbolt
642,Bolt Beak
642,Eerie Impulse
642,Bolt Strike
642,Fusion Bolt
644,Electrify
644,Million Volt Thunderbolt
644,Catastropika
644,Eerie Impulse
694,Charge Beam
694,Bolt Strike
694,Buzzy Buzz
694,Electric Terrain
695,Fusion Bolt
695,Charge Beam
695,Million Volt Thunderbolt
695,Bolt Beak
702,Aura Wheel
702,Buzzy Buzz
702,Electro Ball
702,Electrify
737,Electroweb
737,Fusion Bolt
737,Electric Terrain
737,Bolt Beak
738,Electric Terrain
738,Charge
738,Electroweb
738,Eerie Impulse
777,Discharge
777,Catastropika
777,Electric Terrain
777,Million Volt Thunderbolt
785,Eerie Impulse
785,Electro Ball
785,Catastropika
785,Charge
796,Discharge
796,Catastropika
796,Charge Beam
796,Million Volt Thunderbolt
807,Eerie Impulse
807,Discharge
807,Fusion Bolt
807,Electrify
835,Bolt Strike
835,Eerie Impulse
835,Electric Terrain
835,Electroweb
836,Buzzy Buzz
836,Bolt Strike
836,Million Volt Thunderbolt
836,Electrify
848,Discharge
848,Aura Wheel
848,Bolt Strike
848,Electric Terrain
849,Bolt Strike
849,Catastropika
849,Charge
849,Electric Terrain
871,Bolt Strike
871,Electric Terrain
871,Aura Wheel
871,Charge
877,Electrify
877,Electric Terrain
877,Bolt Beak
877,Aura Wheel
880,Aura Wheel
880,Electrify
880,Charge Beam
880,Bolt Strike
881,Electro Ball
881,Electric Terrain
881,Eerie Impulse
881,Bolt Beak
27,Earth Power
27,Fissure
27,Earthquake
27,Bulldoze
28,Earthquake
28,Dig
28,Bone Club
28,Bone Rush
31,Bonemerang
31,Bone Club
31,Bone Rush
31,Bulldoze
34,Bulldoze
34,Drill Run
34,Earth Power
34,Dig
50,Drill Run
50,Bone Rush
50,Bulldoze
50,Earth Power
51,Bonemerang
51,Bulldoze
51,Bone Rush
51,Earth Power
74,Fissure
74,Dig
74,Bone Club
74,Earth Power
75,Dig
75,Bulldoze
75,Bone Club
75,Earth Power
76,Fissure
76,Bonemerang
76,Bone Rush
76,Earth Power
95,Dig
95,Bone Rush
95,Drill Run
95,Bonemerang
104,Bone Club
104,Earthquake
104,Fissure
104,Dig
105,Bone Rush
105,Dig
105,Earth Power
105,Bonemerang
111,Bone Rush
111,Earth Power
111,Drill Run
111,Earthquake
112,Dig
112,Earth Power
112,Bone Rush
112,Bulldoze
194,Dig
194,Bone Rush
194,Bone Club
194,Bulldoze
195,Bulldoze
195,Bone Rush
195,Fissure
195,Bone Club
207,Bone Club
207,Drill Run
207,Fissure
207,Bonemerang
208,Dig
208,Fissure
208,Bone Club
208,Bulldoze
220,Bulldoze
220,Earth Power
220,Bonemerang
220,Fissure
221,Drill Run
221,Earthquake
221,Bone Rush
221,Fissure
231,Bone Club
231,Bone Rush
231,Drill Run
231,Bonemerang
232,Bonemerang
232,Earthquake
232,Earth Power
232,Dig
246,Earth Power
246,Dig
246,Bulldoze
246,Drill Run
247,Bulldoze
247,Bonemerang
247,Earth Power
247,Earthquake
259,Bone Club
259,Bone Rush
259,Bulldoze
259,Earth Power
260,Fissure
260,Earth Power
260,Bone Rush
260,Drill Run
290,Bulldoze
290,Earthquake
290,Earth Power
290,Bone Club
322,Bone Rush
322,Bone Club
322,Drill Run
322,Bulldoze
323,Bulldoze
323,Earthquake
323,Earth Power
323,Bone Club
328,Drill Run
328,Bulldoze
328,Earth Power
328,Bonemerang
329,Bone Rush
329,Fissure
329,Earthquake
329,Bonemerang
330,Bulldoze
330,Fissure
330,Earthquake
330,Drill Run
339,Fissure
339,Bulldoze
339,Earth Power
339,Earthquake
340,Fissure
340,Bulldoze
340,Bonemerang
340,Bone Club
343,Bonemerang
343,Fissure
343,Drill Run
343,Dig
344,Fissure
344,Bone Club
344,Bulldoze
344,Bonemerang
383,Bone Rush
383,Drill Run
383,Earthquake
383,Fissure
389,Bonemerang
389,Earthquake
389,Dig
389,Earth Power
423,Dig
423,Bone Rush
423,Fissure
423,Bone Club
443,Drill Run
443,Bone Rush
443,Fissure
443,Bonemerang
444,Bonemerang
444,Bulldoze
444,Drill Run
444,Dig
445,Dig
445,Earth Power
445,Bone Club
445,Earthquake
449,Bone Club
449,Earthquake
449,Earth Power
449,Drill Run
450,Earthquake
450,Dig
450,Fissure
450,Bone Club
464,Bonemerang
464,Drill Run
464,Bone Rush
464,Earthquake
472,Dig
472,Bulldoze
472,Earthquake
472,Bonemerang
473,Bone Rush
473,Dig
473,Earthquake
473,Fissure
529,Bonemerang
529,Dig
529,Fissure
529,Earth Power
530,Dig
530,Earth Power
530,Bulldoze
530,Fissure
536,Bonemerang
536,Dig
536,Drill Run
536,Fissure
537,Drill Run
537,Bone Rush
537,Bulldoze
537,Earth Power
551,Bone Rush
551,Fissure
551,Earthquake
551,Drill Run
552,Bone Club
552,Fissure
552,Bonemerang
552,Drill Run
553,Earth Power
553,Bonemerang
553,Earthquake
553,Drill Run
618,Drill Run
618,Dig
618,Bone Club
618,Earthquake
622,Earthquake
622,Bone Rush
622,Drill Run
622,Fissure
623,Drill Run
623,Bulldoze
623,Bone Rush
623,Bone Club
645,Earthquake
645,Drill Run
645,Bone Club
645,Fissure
660,Bulldoze
660,Bone Club
660,Earth Power
660,Earthquake
718,Earth Power
718,Bone Rush
718,Fissure
718,Earthquake
749,Earth Power
749,Fissure
749,Bulldoze
749,Bone Rush
750,Earth Power
750,Fissure
750,Bulldoze
750,Bone Club
769,Bone Rush
769,Earth Power
769,Bulldoze
769,Bone Club
770,Bonemerang
770,Earth Power
770,Drill Run
770,Bone Club
843,Fissure
843,Bulldoze
843,Bone Rush
843,Bonemerang
844,Earth Power
844,Drill Run
844,Bulldoze
844,Bone Club
867,Dig
867,Bone Club
867,Drill Run
867,Earth Power
63,Ally Switch
63,Barrier
63,Calm Mind
63,Cosmic Power
64,Dream Eater
64,Expanding Force
64,Confusion
64,Future Sight
65,Calm Mind
65,Expanding Force
65,Cosmic Power
65,Amnesia
79,Dream Eater
79,Barrier
79,Cosmic Power
79,Confusion
80,Expanding Force
80,Amnesia
80,Extrasensory
80,Agility
96,Calm Mind
96,Barrier
96,Expanding Force
96,Agility
97,Agility
97,Amnesia
97,Extrasensory
97,Calm Mind
102,Cosmic Power
102,Future Sight
102,Confusion
102,Calm Mind
103,Calm Mind
103,Ally Switch
103,Agility
103,Amnesia
121,Future Sight
121,Amnesia
121,Expanding Force
121,Confusion
122,Cosmic Power
122,Extrasensory
122,Barrier
122,Dream Eater
124,Amnesia
124,Dream Eater
124,Calm Mind
124,Expanding Force
150,Extrasensory
150,Dream Eater
150,Agility
150,Future Sight
151,Cosmic Power
151,Ally Switch
151,Future Sight
151,Calm Mind
177,Cosmic Power
177,Dream Eater
177,Extrasensory
177,Future Sight
178,Confusion
178,Amnesia
178,Calm Mind
178,Expanding Force
196,Confusion
196,Dream Eater
196,Future Sight
196,Barrier
199,Expanding Force
199,Agility
199,Future Sight
199,Barrier
201,Confusion
201,Cosmic Power
201,Calm Mind
201,Extrasensory
202,Calm Mind
202,Dream Eater
202,Agility
202,Ally Switch
203,Calm Mind
203,Barrier
203,Amnesia
203,Ally Switch
238,Dream Eater
238,Calm Mind
238,Expanding Force
238,Barrier
249,Barrier
249,Confusion
249,Expanding Force
249,Future Sight
251,Future Sight
251,Agility
251,Expanding Force
251,Dream Eater
280,Cosmic Power
280,Future Sight
280,Amnesia
280,Confusion
281,Expanding Force
281,Agility
281,Future Sight
281,Cosmic Power
282,Cosmic Power
282,Barrier
282,Agility
282,Amnesia
307,Agility
307,Cosmic Power
307,Expanding Force
307,Confusion
308,Ally Switch
308,Dream Eater
308,Extrasensory
308,Future Sight
325,Future Sight
325,Barrier
325,Amnesia
325,Agility
326,Confusion
326,Extrasensory
326,Agility
326,Cosmic Power
337,Agility
337,Extrasensory
337,Expanding Force
337,Calm Mind
338,Dream Eater
338,Calm Mind
338,Barrier
338,Future Sight
343,Amnesia
343,Dream Eater
343,Barrier
343,Future Sight
344,Confusion
344,Cosmic Power
344,Calm Mind
344,Dream Eater
358,Ally Switch
358,Future Sight
358,Cosmic Power
358,Amnesia
360,Future Sight
360,Amnesia
360,Confusion
360,Dream Eater
374,Amnesia
374,Agility
374,Future Sight
374,Expanding Force
375,Ally Switch
375,Cosmic Power
375,Barrier
375,Amnesia
376,Amnesia
376,Cosmic Power
376,Calm Mind
376,Extrasensory
380,Future Sight
380,Dream Eater
380,Extrasensory
380,Cosmic Power
381,Calm Mind
381,Cosmic Power
381,Ally Switch
381,Amnesia
385,Amnesia
385,Agility
385,Future Sight
385,Cosmic Power
386,Future Sight
386,Cosmic Power
386,Extrasensory
386,Amnesia
433,Cosmic Power
433,Calm Mind
433,Extrasensory
433,Ally Switch
436,Extrasensory
436,Dream Eater
436,Calm Mind
436,Confusion
437,Future Sight
437,Expanding Force
437,Barrier
437,Calm Mind
439,Barrier
439,Amnesia
439,Expanding Force
439,Future Sight
475,Confusion
475,Dream Eater
475,Ally Switch
475,Future Sight
480,Agility
480,Amnesia
480,Calm Mind
480,Barrier
481,Confusion
481,Calm Mind
481,Barrier
481,Agility
482,Barrier
482,Amnesia
482,Ally Switch
482,Cosmic Power
488,Expanding Force
488,Amnesia
488,Extrasensory
488,Barrier
494,Ally Switch
494,Cosmic Power
494,Barrier
494,Agility
517,Expanding Force
517,Barrier
517,Amnesia
517,Dream Eater
518,Dream Eater
518,Ally Switch
518,Barrier
518,Confusion
527,Barrier
527,Expanding Force
527,Confusion
527,Amnesia
528,Amnesia
528,Expanding Force
528,Ally Switch
528,Cosmic Power
561,Barrier
561,Extrasensory
561,Future Sight
561,Cosmic Power
574,Future Sight
574,Amnesia
574,Expanding Force
574,Cosmic Power
575,Barrier
575,Expanding Force
575,Confusion
575,Calm Mind
576,Calm Mind
576,Ally Switch
576,Confusion
576,Extrasensory
577,Amnesia
577,Cosmic Power
577,Extrasensory
577,Agility
578,Confusion
578,Agility
578,Barrier
578,Cosmic Power
579,Future Sight
579,Barrier
579,Calm Mind
579,Extrasensory
605,Extrasensory
605,Amnesia
605,Dream Eater
605,Ally Switch
606,Dream Eater
606,Agility
606,Future Sight
606,Ally Switch
648,Agility
648,Cosmic Power
648,Future Sight
648,Extrasensory
655,Cosmic Power
655,Expanding Force
655,Ally Switch
655,Future Sight
677,Extrasensory
677,Calm Mind
677,Ally Switch
677,Amnesia
678,Calm Mind
678,Extrasensory
678,Expanding Force
678,Cosmic Power
686,Cosmic Power
686,Dream Eater
686,Amnesia
686,Ally Switch
687,Ally Switch
687,Barrier
687,Future Sight
687,Expanding Force
720,Agility
720,Expanding Force
720,Dream Eater
720,Confusion
765,Ally Switch
765,Dream Eater
765,Cosmic Power
765,Amnesia
779,Calm Mind
779,Expanding Force
779,Future Sight
779,Confusion
786,Dream Eater
786,Future Sight
786,Expanding Force
786,Amnesia
789,Expanding Force
789,Confusion
789,Calm Mind
789,Cosmic Power
790,Expanding Force
790,Future Sight
790,Barrier
790,Cosmic Power
791,Cosmic Power
791,Amnesia
791,Ally Switch
791,Barrier
792,Dream Eater
792,Expanding Force
792,Amnesia
792,Cosmic Power
800,Extrasensory
800,Dream Eater
800,Cosmic Power
800,Future Sight
825,Amnesia
825,Extrasensory
825,Barrier
825,Dream Eater
826,Future Sight
826,Barrier
826,Extrasensory
826,Calm Mind
856,Expanding Force
856,Agility
856,Amnesia
856,Future Sight
857,Barrier
857,Expanding Force
857,Confusion
857,Amnesia
858,Ally Switch
858,Extrasensory
858,Dream Eater
858,Amnesia
866,Dream Eater
866,Expanding Force
866,Confusion
866,Agility
876,Future Sight
876,Amnesia
876,Ally Switch
876,Expanding Force
74,Diamond Storm
74,Ancient Power
74,Continental Crush
74,Accelerock
75,Accelerock
75,Diamond Storm
75,Continental Crush
75,Ancient Power
76,Accelerock
76,Continental Crush
76,Diamond Storm
76,Ancient Power
95,Continental Crush
95,Diamond Storm
95,Accelerock
95,Ancient Power
111,Ancient Power
111,Accelerock
111,Continental Crush
111,Diamond Storm
112,Ancient Power
112,Continental Crush
112,Accelerock
112,Diamond Storm
138,Continental Crush
138,Accelerock
138,Ancient Power
138,Diamond Storm
139,Accelerock
139,Diamond Storm
139,Ancient Power
139,Continental Crush
140,Diamond Storm
140,Continental Crush
140,Ancient Power
140,Accelerock
141,Ancient Power
141,Accelerock
141,Diamond Storm
141,Continental Crush
142,Diamond Storm
142,Ancient Power
142,Continental Crush
142,Accelerock
185,Accelerock
185,Continental Crush
185,Diamond Storm
185,Ancient Power
213,Ancient Power
213,Accelerock
213,Diamond Storm
213,Continental Crush
219,Accelerock
219,Ancient Power
219,Diamond Storm
219,Continental Crush
222,Diamond Storm
222,Ancient Power
222,Continental Crush
222,Accelerock
246,Ancient Power
246,Accelerock
246,Diamond Storm
246,Continental Crush
247,Continental Crush
247,Ancient Power
247,Diamond Storm
247,Accelerock
248,Ancient Power
248,Accelerock
248,Diamond Storm
248,Continental Crush
299,Ancient Power
299,Continental Crush
299,Diamond Storm
299,Accelerock
304,Diamond Storm
304,Accelerock
304,Continental Crush
304,Ancient Power
305,Accelerock
305,Diamond Storm
305,Ancient Power
305,Continental Crush
306,Accelerock
306,Continental Crush
306,Diamond Storm
306,Ancient Power
337,Diamond Storm
337,Ancient Power
337,Accelerock
337,Continental Crush
338,Accelerock
338,Ancient Power
338,Continental Crush
338,Diamond Storm
345,Diamond Storm
345,Accelerock
345,Ancient Power
345,Continental Crush
346,Accelerock
346,Ancient Power
346,Continental Crush
346,Diamond Storm
347,Diamond Storm
347,Continental Crush
347,Accelerock
347,Ancient Power
348,Accelerock
348,Diamond Storm
348,Ancient Power
348,Continental Crush
369,Diamond Storm
369,Continental Crush
369,Accelerock
369,Ancient Power
377,Diamond Storm
377,Accelerock
377,Ancient Power
377,Continental Crush
408,Diamond Storm
408,Continental Crush
408,Ancient Power
408,Accelerock
409,Diamond Storm
409,Continental Crush
409,Accelerock
409,Ancient Power
410,Diamond Storm
410,Continental Crush
410,Ancient Power
410,Accelerock
411,Accelerock
411,Ancient Power
411,Continental Crush
411,Diamond Storm
438,Accelerock
438,Diamond Storm
438,Ancient Power
438,Continental Crush
464,Continental Crush
464,Diamond Storm
464,Ancient Power
464,Accelerock
476,Accelerock
476,Continental Crush
476,Ancient Power
476,Diamond Storm
524,Ancient Power
524,Continental Crush
524,Accelerock
524,Diamond Storm
525,Accelerock
525,Ancient Power
525,Diamond Storm
525,Continental Crush
526,Accelerock
526,Continental Crush
526,Diamond Storm
526,Ancient Power
557,Continental Crush
557,Diamond Storm
557,Accelerock
557,Ancient Power
558,Continental Crush
558,Accelerock
558,Diamond Storm
558,Ancient Power
564,Ancient Power
564,Continental Crush
564,Diamond Storm
564,Accelerock
565,Diamond Storm
565,Continental Crush
565,Accelerock
565,Ancient Power
566,Accelerock
566,Ancient Power
566,Continental Crush
566,Diamond Storm
567,Diamond Storm
567,Ancient Power
567,Accelerock
567,Continental Crush
639,Diamond Storm
639,Ancient Power
639,Continental Crush
639,Accelerock
688,Ancient Power
688,Accelerock
688,Continental Crush
688,Diamond Storm
689,Ancient Power
689,Diamond Storm
689,Continental Crush
689,Accelerock
696,Accelerock
696,Diamond Storm
696,Continental Crush
696,Ancient Power
697,Continental Crush
697,Ancient Power
697,Accelerock
697,Diamond Storm
698,Continental Crush
698,Ancient Power
698,Diamond Storm
698,Accelerock
699,Diamond Storm
699,Accelerock
699,Ancient Power
699,Continental Crush
703,Diamond Storm
703,Continental Crush
703,Accelerock
703,Ancient Power
719,Continental Crush
719,Diamond Storm
719,Ancient Power
719,Accelerock
744,Diamond Storm
744,Ancient Power
744,Continental Crush
744,Accelerock
745,Ancient Power
745,Diamond Storm
745,Continental Crush
745,Accelerock
774,Diamond Storm
774,Accelerock
774,Ancient Power
774,Continental Crush
793,Diamond Storm
793,Accelerock
793,Ancient Power
793,Continental Crush
805,Continental Crush
805,Accelerock
805,Ancient Power
805,Diamond Storm
834,Diamond Storm
834,Accelerock
834,Ancient Power
834,Continental Crush
837,Accelerock
837,Diamond Storm
837,Ancient Power
837,Continental Crush
838,Ancient Power
838,Continental Crush
838,Diamond Storm
838,Accelerock
839,Diamond Storm
839,Accelerock
839,Ancient Power
839,Continental Crush
874,Diamond Storm
874,Accelerock
874,Ancient Power
874,Continental Crush
87,Frost Breath
87,Aurora Veil
87,Aurora Beam
87,Freezy Frost
91,Frost Breath
91,Avalanche
91,Freeze Shock
91,Aurora Veil
124,Freezy Frost
124,Avalanche
124,Freeze Shock
124,Aurora Veil
131,Freeze Shock
131,Freezy Frost
131,Aurora Beam
131,Aurora Veil
144,Aurora Beam
144,Freeze-Dry
144,Frost Breath
144,Avalanche
215,Freezy Frost
215,Aurora Beam
215,Freeze Shock
215,Avalanche
220,Avalanche
220,Freeze Shock
220,Aurora Beam
220,Freeze-Dry
221,Avalanche
221,Freeze Shock
221,Freezy Frost
221,Aurora Beam
225,Avalanche
225,Freeze Shock
225,Freeze-Dry
225,Freezy Frost
238,Aurora Beam
238,Freeze-Dry
238,Frost Breath
238,Aurora Veil
361,Freezy Frost
361,Aurora Veil
361,Avalanche
361,Freeze Shock
362,Aurora Beam
362,Freeze Shock
362,Freeze-Dry
362,Frost Breath
363,Avalanche
363,Freezy Frost
363,Freeze-Dry
363,Frost Breath
364,Avalanche
364,Freeze-Dry
364,Frost Breath
364,Aurora Beam
365,Freeze Shock
365,Frost Breath
365,Avalanche
365,Aurora Veil
378,Freeze Shock
378,Frost Breath
378,Freeze-Dry
378,Avalanche
459,Freezy Frost
459,Freeze Shock
459,Freeze-Dry
459,Frost Breath
460,Freezy Frost
460,Freeze-Dry
460,Aurora Beam
460,Aurora Veil
461,Aurora Veil
461,Freeze-Dry
461,Aurora Beam
461,Freezy Frost
471,Frost Breath
471,Freezy Frost
471,Avalanche
471,Freeze-Dry
473,Freezy Frost
473,Freeze Shock
473,Avalanche
473,Aurora Beam
478,Freeze Shock
478,Avalanche
478,Freezy Frost
478,Aurora Beam
582,Aurora Beam
582,Aurora Veil
582,Avalanche
582,Frost Breath
583,Aurora Veil
583,Freezy Frost
583,Freeze-Dry
583,Aurora Beam
584,Aurora Beam
584,Freezy Frost
584,Freeze Shock
584,Freeze-Dry
613,Freezy Frost
613,Frost Breath
613,Freeze Shock
613,Avalanche
614,Frost Breath
614,Aurora Veil
614,Aurora Beam
614,Freezy Frost
615,Aurora Veil
615,Freeze-Dry
615,Avalanche
615,Aurora Beam
646,Avalanche
646,Frost Breath
646,Freeze-Dry
646,Aurora Beam
698,Freeze-Dry
698,Aurora Veil
698,Aurora Beam
698,Freezy Frost
699,Freeze Shock
699,Frost Breath
699,Freezy Frost
699,Aurora Beam
712,Avalanche
712,Aurora Beam
712,Aurora Veil
712,Freezy Frost
713,Aurora Veil
713,Frost Breath
713,Avalanche
713,Aurora Beam
740,Freeze-Dry
740,Freeze Shock
740,Aurora Beam
740,Freezy Frost
866,Avalanche
866,Freeze-Dry
866,Frost Breath
866,Freezy Frost
872,Avalanche
872,Frost Breath
872,Aurora Veil
872,Freeze Shock
873,Aurora Beam
873,Aurora Veil
873,Frost Breath
873,Avalanche
875,Freezy Frost
875,Freeze Shock
875,Freeze-Dry
875,Aurora Veil
881,Frost Breath
881,Freezy Frost
881,Freeze-Dry
881,Avalanche
883,Avalanche
883,Aurora Beam
883,Freeze Shock
883,Frost Breath
10,Bug Bite
10,Attack Order
10,First Impression
10,Bug Buzz
11,Fury Cutter
11,Defend Order
11,Fell Stinger
11,Bug Bite
12,Bug Buzz
12,Bug Bite
12,Attack Order
12,Fell Stinger
13,Fell Stinger
13,Attack Order
13,First Impression
13,Bug Bite
14,First Impression
14,Bug Buzz
14,Fury Cutter
14,Fell Stinger
15,Bug Buzz
15,Fury Cutter
15,Defend Order
15,Fell Stinger
46,First Impression
46,Fell Stinger
46,Bug Bite
46,Bug Buzz
47,Bug Bite
47,Defend Order
47,Fury Cutter
47,Fell Stinger
48,Bug Buzz
48,First Impression
48,Bug Bite
48,Fell Stinger
49,Attack Order
49,Fury Cutter
49,Defend Order
49,Bug Buzz
123,Bug Bite
123,First Impression
123,Attack Order
123,Bug Buzz
127,Fury Cutter
127,Fell Stinger
127,First Impression
127,Attack Order
165,Bug Buzz
165,First Impression
165,Fell Stinger
165,Fury Cutter
166,Defend Order
166,Bug Bite
166,First Impression
166,Attack Order
167,Fury Cutter
167,Bug Buzz
167,Attack Order
167,Bug Bite
168,Bug Buzz
168,Bug Bite
168,Fury Cutter
168,Defend Order
193,Attack Order
193,Bug Buzz
193,Fury Cutter
193,First Impression
204,Bug Buzz
204,Attack Order
204,First Impression
204,Bug Bite
205,First Impression
205,Defend Order
205,Bug Buzz
205,Fell Stinger
212,Fury Cutter
212,Bug Bite
212,Attack Order
212,Defend Order
213,Bug Bite
213,Bug Buzz
213,Fell Stinger
213,Fury Cutter
214,Attack Order
214,Defend Order
214,First Impression
214,Fury Cutter
265,Bug Buzz
265,Bug Bite
265,Fell Stinger
265,Fury Cutter
266,Fell Stinger
266,Defend Order
266,Bug Buzz
266,First Impression
267,Defend Order
267,Fury Cutter
267,Bug Buzz
267,Fell Stinger
268,Fell Stinger
268,Fury Cutter
268,Defend Order
268,Bug Bite
269,Bug Buzz
269,Fury Cutter
269,First Impression
269,Bug Bite
283,Attack Order
283,First Impression
283,Defend Order
283,Fury Cutter
284,First Impression
284,Fury Cutter
284,Bug Bite
284,Attack Order
290,Attack Order
290,Bug Bite
290,Bug Buzz
290,First Impression
291,Bug Buzz
291,Fell Stinger
291,Fury Cutter
291,First Impression
292,Attack Order
292,Bug Bite
292,First Impression
292,Defend Order
313,Fell Stinger
313,Bug Buzz
313,Bug Bite
313,Defend Order
314,Bug Bite
314,Bug Buzz
314,First Impression
314,Fury Cutter
347,Attack Order
347,Fury Cutter
347,Bug Buzz
347,Bug Bite
348,Fury Cutter
348,Attack Order
348,Defend Order
348,Bug Bite
401,Defend Order
401,First Impression
401,Attack Order
401,Fell Stinger
402,Bug Buzz
402,Defend Order
402,Attack Order
402,Bug Bite
412,Fury Cutter
412,Bug Bite
412,Defend Order
412,Fell Stinger
413,Fell Stinger
413,Defend Order
413,Bug Buzz
413,First Impression
414,First Impression
414,Bug Buzz
414,Defend Order
414,Fell Stinger
415,Fell Stinger
415,First Impression
415,Attack Order
415,Bug Buzz
416,Fell Stinger
416,Attack Order
416,First Impression
416,Defend Order
451,Bug Buzz
451,Fell Stinger
451,First Impression
451,Defend Order
469,First Impression
469,Fury Cutter
469,Defend Order
469,Bug Bite
540,Bug Bite
540,Bug Buzz
540,Fury Cutter
540,Attack Order
541,Attack Order
541,First Impression
541,Fury Cutter
541,Fell Stinger
542,Fell Stinger
542,Bug Buzz
542,Fury Cutter
542,Defend Order
543,Attack Order
543,Bug Buzz
543,Bug Bite
543,Fell Stinger
544,Defend Order
544,Fury Cutter
544,First Impression
544,Attack Order
545,Fury Cutter
545,Defend Order
545,Attack Order
545,Bug Buzz
557,Fell Stinger
557,Bug Bite
557,Bug Buzz
557,Fury Cutter
558,Bug Buzz
558,Attack Order
558,Fell Stinger
558,Fury Cutter
588,Fell Stinger
588,Fury Cutter
588,Defend Order
588,Bug Buzz
589,Attack Order
589,Bug Buzz
589,Bug Bite
589,Fell Stinger
595,Bug Buzz
595,Attack Order
595,Bug Bite
595,Defend Order
596,Attack Order
596,Bug Buzz
596,Fell Stinger
596,First Impression
616,Attack Order
616,Fury Cutter
616,Bug Bite
616,Defend Order
617,Attack Order
617,Bug Buzz
617,Fury Cutter
617,Bug Bite
632,Fell Stinger
632,Bug Buzz
632,Fury Cutter
632,First Impression
636,Defend Order
636,Attack Order
636,Bug Buzz
636,Fury Cutter
637,Fury Cutter
637,Attack Order
637,Fell Stinger
637,Bug Bite
649,Bug Buzz
649,Fury Cutter
649,First Impression
649,Fell Stinger
664,Fell Stinger
664,Fury Cutter
664,First Impression
664,Bug Bite
665,First Impression
665,Attack Order
665,Fury Cutter
665,Bug Bite
666,Attack Order
666,Bug Bite
666,First Impression
666,Bug Buzz
736,Bug Bite
736,Bug Buzz
736,Fell Stinger
736,First Impression
737,Fell Stinger
737,Attack Order
737,Defend Order
737,Bug Buzz
738,Bug Bite
738,Attack Order
738,Bug Buzz
738,Fury Cutter
742,Fell Stinger
742,Bug Bite
742,Defend Order
742,Attack Order
743,Bug Buzz
743,First Impression
743,Defend Order
743,Bug Bite
751,Bug Buzz
751,Attack Order
751,Bug Bite
751,First Impression
752,First Impression
752,Fury Cutter
752,Defend Order
752,Fell Stinger
767,Defend Order
767,Fell Stinger
767,First Impression
767,Bug Buzz
768,Defend Order
768,First Impression
768,Bug Bite
768,Fury Cutter
794,First Impression
794,Defend Order
794,Bug Bite
794,Bug Buzz
795,Fury Cutter
795,First Impression
795,Attack Order
795,Bug Bite
824,Fell Stinger
824,First Impression
824,Bug Bite
824,Fury Cutter
825,Bug Bite
825,Fury Cutter
825,Attack Order
825,Bug Buzz
826,Fell Stinger
826,Defend Order
826,Attack Order
826,Bug Buzz
850,Fell Stinger
850,Fury Cutter
850,First Impression
850,Attack Order
851,First Impression
851,Defend Order
851,Fury Cutter
851,Bug Buzz
872,Bug Buzz
872,Fell Stinger
872,Bug Bite
872,Defend Order
873,Fell Stinger
873,Bug Buzz
873,First Impression
873,Attack Order
147,Dynamax Cannon
147,Breaking Swipe
147,Dragon Rush
147,Dragon Breath
148,Dragon Rush
148,Dragon Dance
148,Dual Chop
148,Dynamax Cannon
149,Dragon Tail
149,Dragon Rush
149,Clangorous Soulblaze
149,Dragon Dance
230,Dragon Tail
230,Breaking Swipe
230,Eternabeam
230,Dynamax Cannon
329,Eternabeam
329,Core Enforcer
329,Dual Chop
329,Dragon Tail
330,Clangorous Soulblaze
330,Dragon Tail
330,Dragon Hammer
330,Dragon Darts
334,Dragon Claw
334,Dragon Pulse
334,Dragon Breath
334,Dragon Rush
371,Clanging Scales
371,Breaking Swipe
371,Dragon Claw
371,Clangorous Soulblaze
372,Clangorous Soulblaze
372,Dragon Rage
372,Dragon Hammer
372,Dragon Breath
373,Dragon Hammer
373,Dragon Tail
373,Dragon Rush
373,Dragon Pulse
380,Draco Meteor
380,Clanging Scales
380,Dragon Pulse
380,Eternabeam
381,Clanging Scales
381,Eternabeam
381,Dragon Rush
381,Dragon Pulse
384,Core Enforcer
384,Devastating Drake
384,Dragon Darts
384,Dragon Rage
443,Dragon Rage
443,Draco Meteor
443,Dragon Rush
443,Clanging Scales
444,Dragon Darts
444,Draco Meteor
444,Dragon Dance
444,Breaking Swipe
445,Dual Chop
445,Devastating Drake
445,Dragon Rush
445,Dragon Pulse
483,Dragon Darts
483,Dragon Hammer
483,Dragon Dance
483,Dragon Rage
484,Dragon Hammer
484,Clanging Scales
484,Clangorous Soulblaze
484,Dragon Claw
487,Eternabeam
487,Core Enforcer
487,Dragon Claw
487,Dragon Tail
610,Dual Chop
610,Dragon Tail
610,Breaking Swipe
610,Dragon Pulse
611,Dragon Rage
611,Dragon Dance
611,Dragon Rush
611,Dragon Hammer
612,Clangorous Soul
612,Clanging Scales
612,Dynamax Cannon
612,Dragon Darts
621,Dragon Breath
621,Dragon Rush
621,Dragon Rage
621,Dragon Darts
633,Dragon Pulse
633,Clanging Scales
633,Breaking Swipe
633,Dragon Darts
634,Dragon Darts
634,Core Enforcer
634,Clangorous Soulblaze
634,Dragon Claw
635,Dragon Breath
635,Dragon Pulse
635,Dragon Tail
635,Dragon Hammer
643,Dynamax Cannon
643,Dragon Hammer
643,Dual Chop
643,Devastating Drake
644,Dual Chop
644,Clangorous Soul
644,Eternabeam
644,Clanging Scales
646,Dragon Dance
646,Clangorous Soulblaze
646,Devastating Drake
646,Dragon Pulse
691,Clangorous Soulblaze
691,Dragon Darts
691,Dragon Rage
691,Dual Chop
696,Dragon Dance
696,Clangorous Soulblaze
696,Clanging Scales
696,Dragon Pulse
697,Dragon Claw
697,Draco Meteor
697,Breaking Swipe
697,Dragon Pulse
704,Clangorous Soulblaze
704,Clanging Scales
704,Dragon Darts
704,Dragon Rage
705,Draco Meteor
705,Dragon Tail
705,Core Enforcer
705,Dynamax Cannon
706,Dragon Pulse
706,Clangorous Soul
706,Dragon Darts
706,Dragon Dance
714,Dragon Dance
714,Dual Chop
714,Clangorous Soul
714,Dragon Darts
715,Clangorous Soulblaze
715,Breaking Swipe
715,Dragon Rage
715,Dragon Breath
718,Draco Meteor
718,Dynamax Cannon
718,Dragon Pulse
718,Clangorous Soulblaze
776,Clanging Scales
776,Dual Chop
776,Dragon Dance
776,Eternabeam
780,Dynamax Cannon
780,Clangorous Soulblaze
780,Dragon Rush
780,Breaking Swipe
782,Dragon Rage
782,Devastating Drake
782,Eternabeam
782,Clanging Scales
783,Eternabeam
783,Devastating Drake
783,Dragon Dance
783,Dragon Pulse
784,Clanging Scales
784,Dragon Rage
784,Devastating Drake
784,Breaking Swipe
799,Eternabeam
799,Dragon Pulse
799,Clangorous Soulblaze
799,Clanging Scales
804,Breaking Swipe
804,Dragon Claw
804,Dragon Dance
804,Dragon Darts
840,Dragon Darts
840,Core Enforcer
840,Dragon Pulse
840,Clangorous Soulblaze
841,Dragon Tail
841,Dragon Darts
841,Clanging Scales
841,Dragon Hammer
842,Devastating Drake
842,Clangorous Soulblaze
842,Dynamax Cannon
842,Dragon Rage
880,Draco Meteor
880,Dragon Rush
880,Dragon Claw
880,Eternabeam
882,Dragon Pulse
882,Dragon Rage
882,Dragon Breath
882,Dragon Tail
884,Dragon Breath
884,Dragon Claw
884,Dragon Rush
884,Draco Meteor
885,Dragon Rush
885,Dragon Dance
885,Dragon Hammer
885,Devastating Drake
886,Breaking Swipe
886,Dragon Tail
886,Dragon Breath
886,Dragon Rush
887,Clangorous Soul
887,Draco Meteor
887,Dynamax Cannon
887,Breaking Swipe
890,Eternabeam
890,Dynamax Cannon
890,Breaking Swipe
890,Clanging Scales
92,Astonish
92,Confuse Ray
92,Destiny Bond
92,Curse
93,Destiny Bond
93,Curse
93,Confuse Ray
93,Astonish
94,Confuse Ray
94,Curse
94,Astonish
94,Destiny Bond
200,Destiny Bond
200,Confuse Ray
200,Astonish
200,Curse
292,Astonish
292,Confuse Ray
292,Destiny Bond
292,Curse
302,Confuse Ray
302,Curse
302,Destiny Bond
302,Astonish
353,Astonish
353,Destiny Bond
353,Curse
353,Confuse Ray
354,Curse
354,Destiny Bond
354,Confuse Ray
354,Astonish
355,Destiny Bond
355,Curse
355,Confuse Ray
355,Astonish
356,Confuse Ray
356,Curse
356,Astonish
356,Destiny Bond
425,Astonish
425,Destiny Bond
425,Curse
425,Confuse Ray
426,Confuse Ray
426,Destiny Bond
426,Curse
426,Astonish
429,Confuse Ray
429,Astonish
429,Curse
429,Destiny Bond
442,Confuse Ray
442,Curse
442,Destiny Bond
442,Astonish
477,Curse
477,Astonish
477,Destiny Bond
477,Confuse Ray
478,Curse
478,Destiny Bond
478,Confuse Ray
478,Astonish
479,Curse
479,Confuse Ray
479,Astonish
479,Destiny Bond
487,Confuse Ray
487,Destiny Bond
487,Astonish
487,Curse
562,Astonish
562,Curse
562,Confuse Ray
562,Destiny Bond
563,Curse
563,Confuse Ray
563,Destiny Bond
563,Astonish
592,Confuse Ray
592,Destiny Bond
592,Astonish
592,Curse
593,Curse
593,Confuse Ray
593,Destiny Bond
593,Astonish
607,Curse
607,Destiny Bond
607,Confuse Ray
607,Astonish
608,Curse
608,Astonish
608,Confuse Ray
608,Destiny Bond
609,Confuse Ray
609,Astonish
609,Destiny Bond
609,Curse
622,Astonish
622,Curse
622,Destiny Bond
622,Confuse Ray
623,Astonish
623,Confuse Ray
623,Destiny Bond
623,Curse
679,Astonish
679,Curse
679,Destiny Bond
679,Confuse Ray
680,Confuse Ray
680,Destiny Bond
680,Curse
680,Astonish
681,Destiny Bond
681,Confuse Ray
681,Curse
681,Astonish
708,Astonish
708,Destiny Bond
708,Confuse Ray
708,Curse
709,Confuse Ray
709,Destiny Bond
709,Curse
709,Astonish
710,Confuse Ray
710,Astonish
710,Destiny Bond
710,Curse
711,Astonish
711,Confuse Ray
711,Destiny Bond
711,Curse
720,Confuse Ray
720,Astonish
720,Curse
720,Destiny Bond
724,Astonish
724,Curse
724,Confuse Ray
724,Destiny Bond
769,Confuse Ray
769,Curse
769,Destiny Bond
769,Astonish
770,Astonish
770,Confuse Ray
770,Destiny Bond
770,Curse
778,Destiny Bond
778,Confuse Ray
778,Curse
778,Astonish
781,Curse
781,Destiny Bond
781,Confuse Ray
781,Astonish
792,Curse
792,Astonish
792,Destiny Bond
792,Confuse Ray
802,Astonish
802,Curse
802,Confuse Ray
802,Destiny Bond
806,Astonish
806,Destiny Bond
806,Curse
806,Confuse Ray
854,Curse
854,Astonish
854,Confuse Ray
854,Destiny Bond
855,Destiny Bond
855,Confuse Ray
855,Curse
855,Astonish
864,Destiny Bond
864,Confuse Ray
864,Astonish
864,Curse
867,Confuse Ray
867,Astonish
867,Destiny Bond
867,Curse
885,Astonish
885,Curse
885,Destiny Bond
885,Confuse Ray
886,Curse
886,Astonish
886,Confuse Ray
886,Destiny Bond
887,Confuse Ray
887,Curse
887,Destiny Bond
887,Astonish
197,Embargo
197,Fling
197,False Surrender
197,Dark Pulse
198,Dark Void
198,Feint Attack
198,Embargo
198,Flatter
215,Fake Tears
215,Brutal Swing
215,Feint Attack
215,Crunch
228,Assurance
228,Darkest Lariat
228,Embargo
228,Feint Attack
229,Darkest Lariat
229,Flatter
229,Beat Up
229,Fling
248,Dark Pulse
248,Foul Play
248,Embargo
248,Crunch
261,Baddy Bad
261,False Surrender
261,Assurance
261,Darkest Lariat
262,Beat Up
262,Dark Pulse
262,Dark Void
262,Fake Tears
274,False Surrender
274,Darkest Lariat
274,Foul Play
274,Feint Attack
275,Embargo
275,Fake Tears
275,Dark Pulse
275,Baddy Bad
302,Crunch
302,Brutal Swing
302,Assurance
302,Darkest Lariat
318,Dark Void
318,Assurance
318,Baddy Bad
318,Foul Play
319,Dark Void
319,Darkest Lariat
319,Flatter
319,Crunch
332,Darkest Lariat
332,Crunch
332,Brutal Swing
332,Dark Pulse
342,False Surrender
342,Beat Up
342,Flatter
342,Fling
359,Fling
359,Foul Play
359,Dark Pulse
359,Brutal Swing
430,Feint Attack
430,Dark Pulse
430,Brutal Swing
430,Fake Tears
434,Assurance
434,Fake Tears
434,Dark Void
434,Flatter
435,Flatter
435,Beat Up
435,False Surrender
435,Assurance
442,Brutal Swing
442,Dark Void
442,Feint Attack
442,Darkest Lariat
452,Fling
452,Assurance
452,Embargo
452,Fake Tears
461,Dark Void
461,Assurance
461,Brutal Swing
461,Embargo
491,Feint Attack
491,Crunch
491,Darkest Lariat
491,Baddy Bad
509,Brutal Swing
509,Baddy Bad
509,Fling
509,Foul Play
510,Darkest Lariat
510,Baddy Bad
510,Crunch
510,False Surrender
551,Brutal Swing
551,Flatter
551,Dark Pulse
551,Crunch
552,Fling
552,Assurance
552,Dark Void
552,Dark Pulse
553,Darkest Lariat
553,Fling
553,Dark Void
553,Flatter
559,Fling
559,Dark Void
559,Fake Tears
559,Beat Up
560,Beat Up
560,Dark Void
560,Darkest Lariat
560,Crunch
570,Dark Pulse
570,Foul Play
570,Flatter
570,Feint Attack
571,Beat Up
571,Baddy Bad
571,Feint Attack
571,Brutal Swing
624,Dark Void
624,Fling
624,Darkest Lariat
624,Brutal Swing
625,Feint Attack
625,Dark Pulse
625,Flatter
625,Dark Void
629,Dark Pulse
629,Beat Up
629,Brutal Swing
629,Flatter
630,Flatter
630,Assurance
630,Feint Attack
630,Dark Void
633,Embargo
633,Dark Pulse
633,Baddy Bad
633,Feint Attack
634,Fake Tears
634,Flatter
634,Foul Play
634,Assurance
635,Feint Attack
635,False Surrender
635,Embargo
635,Dark Void
658,Feint Attack
658,Flatter
658,Crunch
658,Fling
675,Fake Tears
675,Flatter
675,Crunch
675,Fling
686,Dark Void
686,Darkest Lariat
686,Assurance
686,Beat Up
687,Dark Void
687,Fake Tears
687,Foul Play
687,Baddy Bad
717,Beat Up
717,Dark Pulse
717,Flatter
717,Darkest Lariat
727,Darkest Lariat
727,Fling
727,Baddy Bad
727,Fake Tears
799,Beat Up
799,Baddy Bad
799,Flatter
799,Feint Attack
827,Fake Tears
827,Baddy Bad
827,False Surrender
827,Brutal Swing
828,Fling
828,Foul Play
828,Fake Tears
828,Dark Pulse
859,Assurance
859,Fling
859,Brutal Swing
859,Feint Attack
860,Darkest Lariat
860,Dark Pulse
860,False Surrender
860,Feint Attack
861,Dark Pulse
861,Assurance
861,Crunch
861,Baddy Bad
862,Dark Void
862,Darkest Lariat
862,Flatter
862,Feint Attack
877,False Surrender
877,Crunch
877,Fake Tears
877,Beat Up
892,Foul Play
892,Beat Up
892,Fake Tears
892,False Surrender
893,Baddy Bad
893,Fling
893,Darkest Lariat
893,Fake Tears
81,Autotomize
81,Flash Cannon
81,Corkscrew Crash
81,Doom Desire
82,Bullet Punch
82,Anchor Shot
82,Double Iron Bash
82,Flash Cannon
205,Anchor Shot
205,Flash Cannon
205,Corkscrew Crash
205,Bullet Punch
208,Flash Cannon
208,Double Iron Bash
208,Anchor Shot
208,Corkscrew Crash
212,Anchor Shot
212,Corkscrew Crash
212,Doom Desire
212,Bullet Punch
227,Flash Cannon
227,Double Iron Bash
227,Bullet Punch
227,Anchor Shot
303,Autotomize
303,Doom Desire
303,Flash Cannon
303,Corkscrew Crash
304,Corkscrew Crash
304,Doom Desire
304,Double Iron Bash
304,Flash Cannon
305,Corkscrew Crash
305,Autotomize
305,Doom Desire
305,Anchor Shot
306,Bullet Punch
306,Double Iron Bash
306,Anchor Shot
306,Corkscrew Crash
374,Doom Desire
374,Autotomize
374,Anchor Shot
374,Flash Cannon
375,Autotomize
375,Bullet Punch
375,Flash Cannon
375,Corkscrew Crash
376,Double Iron Bash
376,Flash Cannon
376,Anchor Shot
376,Corkscrew Crash
379,Flash Cannon
379,Doom Desire
379,Anchor Shot
379,Double Iron Bash
385,Bullet Punch
385,Doom Desire
385,Anchor Shot
385,Autotomize
395,Corkscrew Crash
395,Bullet Punch
395,Flash Cannon
395,Doom Desire
410,Corkscrew Crash
410,Doom Desire
410,Bullet Punch
410,Flash Cannon
411,Anchor Shot
411,Flash Cannon
411,Double Iron Bash
411,Bullet Punch
436,Anchor Shot
436,Bullet Punch
436,Flash Cannon
436,Double Iron Bash
437,Doom Desire
437,Autotomize
437,Bullet Punch
437,Corkscrew Crash
448,Doom Desire
448,Flash Cannon
448,Anchor Shot
448,Double Iron Bash
462,Corkscrew Crash
462,Anchor Shot
462,Autotomize
462,Doom Desire
476,Doom Desire
476,Autotomize
476,Double Iron Bash
476,Flash Cannon
483,Anchor Shot
483,Autotomize
483,Flash Cannon
483,Doom Desire
485,Doom Desire
485,Double Iron Bash
485,Autotomize
485,Flash Cannon
530,Bullet Punch
530,Corkscrew Crash
530,Doom Desire
530,Flash Cannon
589,Corkscrew Crash
589,Flash Cannon
589,Autotomize
589,Bullet Punch
597,Flash Cannon
597,Bullet Punch
597,Double Iron Bash
597,Anchor Shot
598,Flash Cannon
598,Bullet Punch
598,Doom Desire
598,Double Iron Bash
599,Autotomize
599,Double Iron Bash
599,Flash Cannon
599,Bullet Punch
600,Corkscrew Crash
600,Double Iron Bash
600,Anchor Shot
600,Flash Cannon
601,Flash Cannon
601,Doom Desire
601,Anchor Shot
601,Bullet Punch
624,Anchor Shot
624,Doom Desire
624,Autotomize
624,Double Iron Bash
625,Corkscrew Crash
625,Doom Desire
625,Flash Cannon
625,Double Iron Bash
632,Double Iron Bash
632,Flash Cannon
632,Corkscrew Crash
632,Anchor Shot
638,Autotomize
638,Doom Desire
638,Flash Cannon
638,Bullet Punch
649,Doom Desire
649,Corkscrew Crash
649,Double Iron Bash
649,Autotomize
679,Flash Cannon
679,Bullet Punch
679,Autotomize
679,Corkscrew Crash
680,Anchor Shot
680,Autotomize
680,Double Iron Bash
680,Bullet Punch
681,Anchor Shot
681,Flash Cannon
681,Double Iron Bash
681,Autotomize
707,Autotomize
707,Doom Desire
707,Bullet Punch
707,Anchor Shot
777,Double Iron Bash
777,Autotomize
777,Flash Cannon
777,Bullet Punch
791,Doom Desire
791,Bullet Punch
791,Anchor Shot
791,Autotomize
797,Bullet Punch
797,Double Iron Bash
797,Autotomize
797,Anchor Shot
798,Corkscrew Crash
798,Autotomize
798,Flash Cannon
798,Bullet Punch
801,Doom Desire
801,Autotomize
801,Anchor Shot
801,Flash Cannon
805,Doom Desire
805,Autotomize
805,Anchor Shot
805,Double Iron Bash
808,Corkscrew Crash
808,Double Iron Bash
808,Autotomize
808,Flash Cannon
809,Double Iron Bash
809,Doom Desire
809,Corkscrew Crash
809,Flash Cannon
823,Autotomize
823,Bullet Punch
823,Doom Desire
823,Flash Cannon
863,Double Iron Bash
863,Doom Desire
863,Corkscrew Crash
863,Bullet Punch
878,Flash Cannon
878,Anchor Shot
878,Autotomize
878,Double Iron Bash
879,Doom Desire
879,Corkscrew Crash
879,Autotomize
879,Bullet Punch
884,Double Iron Bash
884,Flash Cannon
884,Corkscrew Crash
884,Autotomize
888,Flash Cannon
888,Double Iron Bash
888,Autotomize
888,Doom Desire
889,Corkscrew Crash
889,Anchor Shot
889,Doom Desire
889,Bullet Punch
35,Dazzling Gleam
35,Baby-Doll Eyes
35,Decorate
35,Fairy Wind
36,Flower Shield
36,Decorate
36,Baby-Doll Eyes
36,Fleur Cannon
39,Draining Kiss
39,Fleur Cannon
39,Fairy Wind
39,Aromatic Mist
40,Fleur Cannon
40,Fairy Wind
40,Disarming Voice
40,Flower Shield
122,Charm
122,Decorate
122,Aromatic Mist
122,Crafty Shield
173,Decorate
173,Fairy Lock
173,Draining Kiss
173,Floral Healing
174,Fairy Lock
174,Disarming Voice
174,Dazzling Gleam
174,Aromatic Mist
175,Fairy Wind
175,Draining Kiss
175,Crafty Shield
175,Fairy Lock
176,Charm
176,Draining Kiss
176,Fairy Wind
176,Baby-Doll Eyes
183,Baby-Doll Eyes
183,Charm
183,Disarming Voice
183,Dazzling Gleam
184,Fleur Cannon
184,Charm
184,Dazzling Gleam
184,Decorate
209,Floral Healing
209,Fairy Wind
209,Fairy Lock
209,Charm
210,Draining Kiss
210,Floral Healing
210,Fairy Lock
210,Baby-Doll Eyes
280,Floral Healing
280,Fleur Cannon
280,Crafty Shield
280,Aromatic Mist
281,Fairy Lock
281,Disarming Voice
281,Fleur Cannon
281,Decorate
282,Crafty Shield
282,Draining Kiss
282,Aromatic Mist
282,Fleur Cannon
298,Fleur Cannon
298,Dazzling Gleam
298,Decorate
298,Charm
303,Disarming Voice
303,Aromatic Mist
303,Fairy Wind
303,Fairy Lock
439,Disarming Voice
439,Fairy Wind
439,Floral Healing
439,Decorate
468,Fairy Wind
468,Disarming Voice
468,Fairy Lock
468,Charm
546,Draining Kiss
546,Fairy Wind
546,Crafty Shield
546,Baby-Doll Eyes
547,Fairy Lock
547,Floral Healing
547,Decorate
547,Disarming Voice
669,Disarming Voice
669,Dazzling Gleam
669,Flower Shield
669,Charm
670,Floral Healing
670,Fairy Lock
670,Baby-Doll Eyes
670,Draining Kiss
671,Aromatic Mist
671,Draining Kiss
671,Flower Shield
671,Baby-Doll Eyes
682,Disarming Voice
682,Draining Kiss
682,Dazzling Gleam
682,Charm
683,Dazzling Gleam
683,Disarming Voice
683,Flower Shield
683,Draining Kiss
684,Draining Kiss
684,Fleur Cannon
684,Floral Healing
684,Decorate
685,Disarming Voice
685,Dazzling Gleam
685,Aromatic Mist
685,Flower Shield
700,Fleur Cannon
700,Charm
700,Draining Kiss
700,Floral Healing
702,Charm
702,Floral Healing
702,Baby-Doll Eyes
702,Fairy Lock
703,Fleur Cannon
703,Dazzling Gleam
703,Charm
703,Floral Healing
707,Baby-Doll Eyes
707,Fleur Cannon
707,Disarming Voice
707,Decorate
716,Fleur Cannon
716,Baby-Doll Eyes
716,Floral Healing
716,Fairy Lock
719,Baby-Doll Eyes
719,Flower Shield
719,Fairy Wind
719,Fleur Cannon
730,Charm
730,Draining Kiss
730,Fairy Wind
730,Fleur Cannon
742,Dazzling Gleam
742,Fleur Cannon
742,Aromatic Mist
742,Charm
743,Floral Healing
743,Crafty Shield
743,Flower Shield
743,Decorate
755,Decorate
755,Charm
755,Baby-Doll Eyes
755,Dazzling Gleam
756,Fairy Wind
756,Floral Healing
756,Dazzling Gleam
756,Draining Kiss
764,Baby-Doll Eyes
764,Decorate
764,Floral Healing
764,Fairy Lock
778,Baby-Doll Eyes
778,Flower Shield
778,Floral Healing
778,Disarming Voice
785,Crafty Shield
785,Disarming Voice
785,Draining Kiss
785,Aromatic Mist
786,Floral Healing
786,Decorate
786,Fairy Wind
786,Draining Kiss
787,Fairy Wind
787,Flower Shield
787,Disarming Voice
787,Charm
788,Disarming Voice
788,Floral Healing
788,Draining Kiss
788,Dazzling Gleam
801,Floral Healing
801,Aromatic Mist
801,Charm
801,Crafty Shield
858,Decorate
858,Floral Healing
858,Fairy Lock
858,Charm
859,Floral Healing
859,Draining Kiss
859,Flower Shield
859,Disarming Voice
860,Fairy Wind
860,Flower Shield
860,Decorate
860,Aromatic Mist
861,Dazzling Gleam
861,Aromatic Mist
861,Floral Healing
861,Fairy Wind
868,Fairy Wind
868,Dazzling Gleam
868,Charm
868,Baby-Doll Eyes
869,Floral Healing
869,Fairy Wind
869,Aromatic Mist
869,Fleur Cannon
888,Fairy Lock
888,Baby-Doll Eyes
888,Aromatic Mist
888,Dazzling Gleam
